timestamp,open,high,low,close,volume,stock
2022-04-29,78.21,78.465,75.33,75.6,43763417,ATVI
2022-04-22,78.8,79.345,78.53,78.61,20587619,ATVI
2022-04-14,80,80.25,78.79,78.93,19658222,ATVI
2022-04-08,80.82,81.13,79.91,80.09,22067998,ATVI
2022-04-01,79.31,80.87,79.18,80.82,26883458,ATVI
2022-03-25,78.84,79.97,78.405,79.6,26938903,ATVI
2022-03-18,80.05,80.445,78.55,78.76,51619553,ATVI
2022-03-11,81.18,81.5,80.18,80.31,43675949,ATVI
2022-03-04,81.05,81.83,80.575,81.43,40886014,ATVI
2022-02-25,81.15,81.87,80.02,81.44,36131614,ATVI
2022-02-18,81.49,82.0025,80.895,81.05,35281746,ATVI
2022-02-11,79.795,81.94,79.32,81.5,45554155,ATVI
2022-02-04,78.87,79.83,77.91,79.25,74481823,ATVI
2022-01-28,80.74,81.84,77.765,79.14,71162601,ATVI
2022-01-21,86.765,86.9,81.15,81.35,184520260,ATVI
2022-01-14,63.89,65.985,61.99,65.39,65804582,ATVI
2022-01-07,66.44,68.0099,63.33,64.04,74200819,ATVI
2021-12-31,65.24,67.889,65,66.53,50345673,ATVI
2021-12-23,61.01,65.389,60.67,65.16,43278590,ATVI
2021-12-17,58.6,62.065,58.02,61.36,51979478,ATVI
2021-12-10,57.53,60.01,57.24,58.6,49429555,ATVI
2021-12-03,60.885,60.95,56.4,57.36,60543468,ATVI
2021-11-26,60.93,62.92,59.775,60.62,51139212,ATVI
2021-11-19,69.315,72.135,60.9,62.38,117381584,ATVI
2021-11-12,68.43,70.04,66.02,69.69,56649135,ATVI
2021-11-05,78.94,80.01,64.55,67.83,89765543,ATVI
2021-10-29,79.43,82.34,76.65,78.19,40240737,ATVI
2021-10-22,76.14,80.92,75.24,79.27,27058582,ATVI
2021-10-15,77.74,77.76,74.5882,76.4,31510617,ATVI
2021-10-08,78.19,78.5,75.69,77.61,42616950,ATVI
2021-10-01,75.03,79.04,73.69,78.53,40776495,ATVI
2021-09-24,78.64,78.8192,72.2,75.26,53476895,ATVI
2021-09-17,80.12,80.76,77.1,79.56,39485700,ATVI
2021-09-10,81.405,81.42,77.1346,79.64,47190528,ATVI
2021-09-03,81.5,83.38,79.92,81.18,38150115,ATVI
2021-08-27,82.93,83.49,80,82.43,44241745,ATVI
2021-08-20,83.5,84.535,82.19,82.63,26477115,ATVI
2021-08-13,81.855,86.39,81.24,83.85,39945540,ATVI
2021-08-06,84.03,84.165,77.81,82.43,62876262,ATVI
2021-07-30,91.026,91.4,81.56,83.62,58621185,ATVI
2021-07-23,91.75,92.25,89.555,91.5,29142972,ATVI
2021-07-16,93.33,93.86,90.595,91.8,30648003,ATVI
2021-07-09,94.47,95.27,91.46,92.38,16993145,ATVI
2021-07-02,92.79,96.15,92.6,94.27,23722504,ATVI
2021-06-25,91.88,93.74,90.23,92.26,30343939,ATVI
2021-06-18,98.39,99.459,91.05,91.49,32827363,ATVI
2021-06-11,96.89,98.355,96.09,98.15,17383008,ATVI
2021-06-04,97.26,97.6,94.065,96.84,13576790,ATVI
2021-05-28,95.93,98.4801,95.82,97.25,21196801,ATVI
2021-05-21,92.68,97.23,91.53,95.37,27827822,ATVI
2021-05-14,95.06,95.77,92.26,93.35,27172330,ATVI
2021-05-07,91.7,95.12,87.44,94.8,49404948,ATVI
2021-04-30,92.62,94.86,90.89,91.19,32081624,ATVI
2021-04-23,96.925,97.58,91.89,93.02,27073485,ATVI
2021-04-16,95.1,98.25,95,96.48,28948614,ATVI
2021-04-09,96.01,98.42,94.545,95.78,25682183,ATVI
2021-04-01,92.25,95.7,90.79,95.54,27416861,ATVI
2021-03-26,90.63,92.6,89.06,92.4,24695361,ATVI
2021-03-19,92.8661,94.8,89.165,90.49,32537111,ATVI
2021-03-12,91.75,93.8311,89.13,93.035,25097604,ATVI
2021-03-05,97.09,98.99,90.32,92.58,28529882,ATVI
2021-02-26,99.82,99.82,93.55,95.61,29981456,ATVI
2021-02-19,103.82,104.53,100.585,100.8,16956440,ATVI
2021-02-12,102.05,104.215,100.39,103.81,22320214,ATVI
2021-02-05,91.48,104.2299,90.86,101.61,42052849,ATVI
2021-01-29,95.53,95.76,88.21,91,37661817,ATVI
2021-01-22,90.915,95.87,90.83,94.43,19659334,ATVI
2021-01-15,91.3,91.85,87.96,90.69,30222258,ATVI
2021-01-08,92.695,92.91,87.89,91.3,29940732,ATVI
2020-12-31,91.76,92.99,90.77,92.85,15105624,ATVI
2020-12-24,89.48,91.22,87.18,90.96,19387371,ATVI
2020-12-18,84.27,90.78,84.075,90.37,41294734,ATVI
2020-12-11,81.4,84.04,81.18,83.68,38955449,ATVI
2020-12-04,78.32,80.93,77.78,80.88,37070736,ATVI
2020-11-27,76.92,78.21,74.91,78.14,22395100,ATVI
2020-11-20,76.72,78.8,73.74,76.81,38857059,ATVI
2020-11-13,75,78.4,71.19,77.55,38364767,ATVI
2020-11-06,76.55,81.68,75.7,78.81,36918101,ATVI
2020-10-30,80.75,81.76,74.37,75.73,37472192,ATVI
2020-10-23,82.28,82.59,79.57,81.04,21781720,ATVI
2020-10-16,79.28,82.96,78.95,80.62,26059965,ATVI
2020-10-09,79.36,80.644,77.35,78.21,26794697,ATVI
2020-10-02,81.63,83.54,78.13,78.3,30948382,ATVI
2020-09-25,79.64,83.275,79.06,80.98,28357841,ATVI
2020-09-18,79.04,82.39,77.71,80.09,34738644,ATVI
2020-09-11,76.58,81.11,75.92,77.97,32492220,ATVI
2020-09-04,82.81,84.49,75.68,79.01,36293793,ATVI
2020-08-28,83.34,85,81.91,83.21,23855273,ATVI
2020-08-21,80.97,84.22,80.1686,83.21,27686873,ATVI
2020-08-14,82.43,83.51,78.7,80.4,38033380,ATVI
2020-08-07,84.41,87.7265,80.99,82.47,56027897,ATVI
2020-07-31,80.6,83.45,79.91,82.63,23329292,ATVI
2020-07-24,79.07,82.67,78.12,79.99,24037395,ATVI
2020-07-17,82.01,82.05,76.21,78.64,30499076,ATVI
2020-07-10,78.46,81.53,77.97,81.27,29020910,ATVI
2020-07-02,75.82,79.11,74.93,77.51,26995952,ATVI
2020-06-26,76.67,77.63,74.43,76.4,35190157,ATVI
2020-06-19,71.48,76.75,71.27,76.58,43274133,ATVI
2020-06-12,68.49,74.35,68.33,71.68,36022877,ATVI
2020-06-05,72.19,73.58,67.4,69.43,38220447,ATVI
2020-05-29,73.37,73.49,66.59,71.98,44184169,ATVI
2020-05-22,73.86,74.68,72.2,73.08,34920200,ATVI
2020-05-15,73.06,75.97,71.61,73.92,39617346,ATVI
2020-05-08,65.33,74.8,65.23,73.14,59691802,ATVI
2020-05-01,67.4,67.77,62.34,64.72,37618634,ATVI
2020-04-24,66.62,67.58,64.73,66.65,32799053,ATVI
2020-04-17,60.32,68.32,60.02,66.88,46840901,ATVI
2020-04-09,61.13,62.55,58.12,60.46,40831634,ATVI
2020-04-03,58.34,61.72,57.06,59.98,41939069,ATVI
2020-03-27,52.81,61.25,52.33,56.96,64190334,ATVI
2020-03-20,53.11,58.22,50.51,52.05,58870906,ATVI
2020-03-13,56.6,61.12,52.83,59.04,60666319,ATVI
2020-03-06,58.3,62.59,57.91,59.97,43339044,ATVI
2020-02-28,61.21,63.2,55.92,58.13,44299164,ATVI
2020-02-21,63.36,64.53,62.93,63.38,17880472,ATVI
2020-02-14,61.42,63.54,60.58,63.52,23759336,ATVI
2020-02-07,58.64,62.84,57.37,61.53,39992558,ATVI
2020-01-31,58.19,60.9,57.78,58.48,29875583,ATVI
2020-01-24,61,61.9,58.95,59.4,25870832,ATVI
2020-01-17,59.12,61.28,58.82,61.24,33480189,ATVI
2020-01-10,58.47,60.89,58.44,58.95,27057423,ATVI
2020-01-03,59.35,60.05,57.65,58.67,16122885,ATVI
2019-12-27,59.6,59.75,58.52,59.19,11670619,ATVI
2019-12-20,59.23,59.71,57.96,59.22,28995884,ATVI
2019-12-13,55.12,58.81,54.1,58.65,29591093,ATVI
2019-12-06,54.93,55.42,53.36,55.21,25113828,ATVI
2019-11-29,53.23,55.18,53.02,54.83,14382847,ATVI
2019-11-22,53.43,54.29,52.27,53.04,27502089,ATVI
2019-11-15,53.85,53.93,51.46,53.44,43495912,ATVI
2019-11-08,55.56,56.82,52.65,54.3,50033191,ATVI
2019-11-01,55.99,57.43,53.62,55.82,38517574,ATVI
2019-10-25,55.25,56.28,54.35,55.26,25806278,ATVI
2019-10-18,54.35,56.46,53.38,54.54,32957605,ATVI
2019-10-11,55.06,55.89,51.45,54.82,40461434,ATVI
2019-10-04,52.6,55.49,50.25,55.44,53756410,ATVI
2019-09-27,54.47,55.07,52.05,52.33,32453623,ATVI
2019-09-20,55.18,55.94,54.13,54.76,30980191,ATVI
2019-09-13,55.25,57.52,54.2,55.95,44576605,ATVI
2019-09-06,50.48,56.6,50.43,54.58,35073037,ATVI
2019-08-30,47.99,52.22,47.53,50.6,42671782,ATVI
2019-08-23,47.55,49.54,47.16,47.33,26516927,ATVI
2019-08-16,47.73,48.37,44.91,46.66,32526578,ATVI
2019-08-09,47.87,49.57,45.52,48.06,45224961,ATVI
2019-08-02,48,51.35,47.08,49.02,39014969,ATVI
2019-07-26,45.33,48.23,44.81,47.99,21404409,ATVI
2019-07-19,47.26,47.85,45.09,45.14,27702935,ATVI
2019-07-12,47.8,47.91,45.73,47.2,25420992,ATVI
2019-07-05,47.88,48.82,46.64,48.15,22211810,ATVI
2019-06-28,45.64,47.73,45.64,47.2,43415023,ATVI
2019-06-21,45.7,46.48,44.585,45.91,32461250,ATVI
2019-06-14,45.77,47.06,44.97,45.62,30074636,ATVI
2019-06-07,43.32,45.63,42.1,45.38,31586933,ATVI
2019-05-31,43.76,44.7,42.84,43.37,32816180,ATVI
2019-05-24,45.65,45.65,41.84,42.29,37173103,ATVI
2019-05-17,44.73,47.37,43.17,46.39,34019713,ATVI
2019-05-10,46.03,48.2,43.52,46.02,40142449,ATVI
2019-05-03,48.43,49.83,46.16,47.15,62716157,ATVI
2019-04-26,45.24,48.48,44.7,48.15,29691414,ATVI
2019-04-18,47.27,47.57,43.96,45.31,28332041,ATVI
2019-04-12,47.23,48.24,46.37,47.28,23203736,ATVI
2019-04-05,46.5,48.6,46.16,47.29,41591634,ATVI
2019-03-29,46.75,47.88,44.87,45.53,39494011,ATVI
2019-03-22,44.93,48.83,44.12,46.87,66804585,ATVI
2019-03-15,42.23,45.11,41.99,44.63,51518968,ATVI
2019-03-08,43.06,43.25,40.89,42.03,51406426,ATVI
2019-03-01,41.82,43.18,41,42.84,51683305,ATVI
2019-02-22,44.45,45.56,41.25,41.5,68174814,ATVI
2019-02-15,43.8,46.59,39.85,44.6,169848963,ATVI
2019-02-08,46.32,48.09,42.53,43.41,90660189,ATVI
2019-02-01,47,47.49,45.23,46.01,51931583,ATVI
2019-01-25,48.17,48.39,45.63,47.8,29546727,ATVI
2019-01-18,46.07,49.32,45.82,48.65,46066569,ATVI
2019-01-11,47.24,51.49,44.47,46.54,71151912,ATVI
2019-01-04,47.04,47.55,45,47.17,32383692,ATVI
2022-04-29,127.73,128.68,117.74,118.05,11851036,EA
2022-04-22,122.34,128.55,120.12,128.09,11335259,EA
2022-04-14,123.22,124.72,121.1904,122.6,7943906,EA
2022-04-08,125.81,128.73,122.23,123.48,7527122,EA
2022-04-01,127.67,129.72,123.34,125.23,7603225,EA
2022-03-25,125.09,128.18,123.63,127.32,8590740,EA
2022-03-18,122.18,126.48,117.58,126.28,9298927,EA
2022-03-11,126.47,128.55,122.17,122.33,8828624,EA
2022-03-04,127.76,131.592,126.24,126.49,9702622,EA
2022-02-25,128.05,129.635,123.8,128.71,8203579,EA
2022-02-18,133.8806,135.46,128.92,129.33,9526614,EA
2022-02-11,138,138.08,132.58,134.1,9313378,EA
2022-02-04,131.15,139.61,125.61,137.71,19829429,EA
2022-01-28,137.09,139.4,128.83,131.92,12919734,EA
2022-01-21,138.435,142.55,133.45,139.01,18758030,EA
2022-01-14,131.41,133.03,127.55,130.44,9460999,EA
2022-01-07,131.93,137.475,127.28,131.78,11383120,EA
2021-12-31,133.27,135.6,131.65,131.9,6294011,EA
2021-12-23,126.46,133.245,126.46,132.54,8591391,EA
2021-12-17,125.64,130.8,125.64,127.52,12081481,EA
2021-12-10,127.44,128,124.66,125.64,12739666,EA
2021-12-03,125.9,128.59,120.08,125.27,17604947,EA
2021-11-26,131.7,131.83,124.81,125.97,14079319,EA
2021-11-19,143.61,144.39,132.19,132.39,17167303,EA
2021-11-12,139.99,146.59,137.64,145.44,11106981,EA
2021-11-05,140.91,146.72,136.42,139.57,14256584,EA
2021-10-29,141.11,144.11,138.91,140.25,8758562,EA
2021-10-22,134.65,144.16,134.2,141.07,9482819,EA
2021-10-15,139.92,140.61,132.9501,134.75,13831103,EA
2021-10-08,143.36,145.46,132.86,139.99,20032826,EA
2021-10-01,129.27,144.125,128.94,143.59,21548000,EA
2021-09-24,131.98,132.53,124.88,129.9,16336560,EA
2021-09-17,145.41,146.91,133.2,133.88,18625266,EA
2021-09-10,147.09,147.54,140.81,145.13,9984938,EA
2021-09-03,142.2,147.76,141.01,146.6,10482335,EA
2021-08-27,140.15,144.35,139.32,142.94,7196665,EA
2021-08-20,137.96,142.159,137.4,140.17,10439392,EA
2021-08-13,136.71,139.4,135.16,138.68,9216253,EA
2021-08-06,144.995,146.5,134.84,136.34,17361810,EA
2021-07-30,145.12,146.005,140.32,143.96,9252647,EA
2021-07-23,143.05,145.36,139.88,144.99,10323139,EA
2021-07-16,142.55,145.92,140.56,143.1,12418605,EA
2021-07-09,143.54,144.245,139.4918,140.99,7443584,EA
2021-07-02,139.69,144.6399,139.49,143.41,9848546,EA
2021-06-25,139.38,142.09,137.6,138.59,9800157,EA
2021-06-18,146.66,148.93,139.9154,141.12,11897756,EA
2021-06-11,144.74,147.44,142.31,146.39,8964882,EA
2021-06-04,142.17,145.82,140.65,145.21,7626804,EA
2021-05-28,141.39,145.73,140.17,142.93,8418135,EA
2021-05-21,137.05,143.19,135.5635,140.17,11257361,EA
2021-05-14,141.4523,143.33,137.785,138.62,17858840,EA
2021-05-07,142.71,143.84,135.75,142.42,10442892,EA
2021-04-30,143.63,146.72,141.9,142.08,9612828,EA
2021-04-23,140,143.6,138.75,143.14,11357884,EA
2021-04-16,139.42,143.88,139.33,141.05,9711027,EA
2021-04-09,137.51,143.23,137.2736,140.46,10006026,EA
2021-04-01,132.51,138.42,131.53,137.96,8349054,EA
2021-03-26,129.41,134.48,128.17,132.85,12027237,EA
2021-03-19,130.44,133.7,127.29,128.4,14535244,EA
2021-03-12,131.99,133.04,127.17,130.49,10507656,EA
2021-03-05,134.84,138.28,129.51,132.6,13816074,EA
2021-02-26,144.66,145.4,133.91,133.97,15003938,EA
2021-02-19,146.85,148.98,143.365,145.95,8413109,EA
2021-02-12,142,148.23,139.34,147.74,13985628,EA
2021-02-05,143.79,150.2997,137.76,141.22,22751906,EA
2021-01-29,148.81,150.3,140.47,143.2,18699672,EA
2021-01-22,139.41,147.28,138,146,12364987,EA
2021-01-15,141.52,141.8,134.63,139,14408161,EA
2021-01-08,143.44,143.65,136.39,141.86,12942793,EA
2020-12-31,142.3263,143.86,138.78,143.6,6307154,EA
2020-12-24,141.63,142.39,138.63,141.81,7186838,EA
2020-12-18,138.5,143.445,136.6,142.61,19281191,EA
2020-12-11,129.19,137.11,128.88,135.8,15836336,EA
2020-12-04,124.77,130.87,123.27,128.69,19901561,EA
2020-11-27,122.03,125,119.74,124.17,10796959,EA
2020-11-20,119.25,123,116.41,121.87,14559119,EA
2020-11-13,116.46,122.32,110.15,120.8,19577276,EA
2020-11-06,120.94,128.88,114.53,119.19,22710209,EA
2020-10-30,126.41,127.58,118.52,119.83,11645162,EA
2020-10-23,133.14,133.89,125.3975,126.77,8912074,EA
2020-10-16,128.98,133.86,127.83,131.92,10572950,EA
2020-10-09,130.09,132.95,123.97,127.45,12232609,EA
2020-10-02,133.36,134.055,127.71,129.07,9375112,EA
2020-09-25,124.33,132.32,124.15,131.19,10461289,EA
2020-09-18,127.93,129.86,123.37,125.9,10893611,EA
2020-09-11,127.46,131.129,123.33,126.02,11605892,EA
2020-09-04,141.08,141.11,126.91,130.13,13646166,EA
2020-08-28,142.27,144.5,139.85,140.87,7757704,EA
2020-08-21,139.25,143.96,138.31,141.21,7915678,EA
2020-08-14,142.77,143.99,135.5601,140.43,8410062,EA
2020-08-07,141.55,147.36,139.55,143.99,10037971,EA
2020-07-31,135.49,142.84,134.39,141.62,11689463,EA
2020-07-24,139.43,142.31,132.72,135.24,8367175,EA
2020-07-17,141.01,141.58,133.48,138.31,10373919,EA
2020-07-10,135.47,141.25,133.51,140.81,10516981,EA
2020-07-02,130.98,136.42,129.2,133.84,8778349,EA
2020-06-26,131.02,133.6,128.09,130.93,14711215,EA
2020-06-19,122.9,131.24,122.71,130.19,15268653,EA
2020-06-12,116.5,127.54,115.89,121.97,15837125,EA
2020-06-05,123.28,124.28,113.28,118.32,14468406,EA
2020-05-29,120.44,123.14,111.11,122.88,17564724,EA
2020-05-22,116.71,121.76,114.73,119.82,14889480,EA
2020-05-15,116.93,119.52,114.46,118.13,14925094,EA
2020-05-08,113.91,120.19,111.83,116.62,21607083,EA
2020-05-01,117.97,118.47,110.86,113.27,16797408,EA
2020-04-24,114.84,116.68,111.18,116.31,12480141,EA
2020-04-17,105.65,118.69,104.65,115.15,17456781,EA
2020-04-09,105.39,109.38,100.11,105.8,16693575,EA
2020-04-03,96.77,104.35,96.17,102.83,19049244,EA
2020-03-27,89.73,103.1,88.43,95.37,29191179,EA
2020-03-20,89.19,98.2,85.69,86.94,32363789,EA
2020-03-13,101.57,104.18,92.55,97.06,28346867,EA
2020-03-06,101.92,111.94,101.71,107.67,19482461,EA
2020-02-28,105.05,109.22,98.59,101.37,21086691,EA
2020-02-21,109.09,110.9,106.8,108.01,10292520,EA
2020-02-14,109.02,109.98,107.94,109.69,7787889,EA
2020-02-07,107.93,110.96,104.4,109.09,15974557,EA
2020-01-31,110.24,112.96,105.5,107.92,18436779,EA
2020-01-24,112.55,114.13,111.63,112.33,8433053,EA
2020-01-17,109.05,112.99,108.62,112.93,10062673,EA
2020-01-10,106.95,110.34,106.63,108.59,10855348,EA
2020-01-03,108.11,108.37,105.12,107.2,6931722,EA
2019-12-27,108.27,108.92,107.67,108.43,5068852,EA
2019-12-20,105.01,108.45,104.82,107.95,9662071,EA
2019-12-13,103.34,105.84,101.29,104.55,11075230,EA
2019-12-06,101.42,103.3,99.1,103.23,12909720,EA
2019-11-29,99.28,102,98.71,101.01,8775274,EA
2019-11-22,97.43,99.93,96.12,99.19,14605294,EA
2019-11-15,97.55,99.39,95.25,97.54,15328379,EA
2019-11-08,96.35,99.29,95.6,98.27,13472041,EA
2019-11-01,97,97.9,92.56,95.3,24424019,EA
2019-10-25,95.48,96.97,93.21,96.31,12836636,EA
2019-10-18,94,98,92.71,95.13,13121356,EA
2019-10-11,95.12,95.87,92.16,94.19,12704579,EA
2019-10-04,95.85,98,92.44,95.61,16570168,EA
2019-09-27,98.23,99.41,95.05,95.67,10870456,EA
2019-09-20,98.03,100.52,96.53,98.7,11692674,EA
2019-09-13,99.01,101.78,97.44,98.48,15378236,EA
2019-09-06,92.73,99.82,92.65,98.53,12606461,EA
2019-08-30,93.77,96.3,91.57,93.68,14644252,EA
2019-08-23,91.24,95.73,90.12,92.91,16784161,EA
2019-08-16,91.5,93.56,87.23,89.56,15397924,EA
2019-08-09,90.31,95.29,88.22,91.97,20565716,EA
2019-08-02,89.41,97.07,86.24,92.89,30617142,EA
2019-07-26,88.02,90.49,87.51,89.51,12939011,EA
2019-07-19,92.75,93.01,87.47,87.5,19787399,EA
2019-07-12,93.44,94.85,90.54,92.82,19799568,EA
2019-07-05,102.65,103.59,91.35,93.6,23841545,EA
2019-06-28,95.66,101.45,95.23,101.26,19351029,EA
2019-06-21,92.62,95.98,91.32,95.33,17998824,EA
2019-06-14,98,98.13,90.46,92.73,13004539,EA
2019-06-07,93.29,98.69,90.19,96.99,13498941,EA
2019-05-31,92.98,94.21,90.89,93.08,9950904,EA
2019-05-24,95.44,96.25,91.36,92.27,14967688,EA
2019-05-17,92.01,99.05,89.91,97.26,20909582,EA
2019-05-10,91.1,99.57,90.52,93.88,38111283,EA
2019-05-03,94.89,97.2,90.7,92.5,20206844,EA
2019-04-26,92.75,95.28,91.88,94.47,16392792,EA
2019-04-18,100.55,100.99,91,93.14,25645788,EA
2019-04-12,99.01,102.39,95.66,101.83,13600543,EA
2019-04-05,103.03,103.95,97.59,99.43,17606581,EA
2019-03-29,102.4,104.55,100.28,101.63,16300521,EA
2019-03-22,99.16,105,96.35,102.34,32786599,EA
2019-03-15,98.6,101.08,97.54,98.98,26391297,EA
2019-03-08,98.31,99.75,94.13,98.36,33441700,EA
2019-03-01,96.32,100.81,93.64,97.41,31093876,EA
2019-02-22,105.75,105.75,92.85,95.92,41253063,EA
2019-02-15,102.16,108.8,96.73,106.84,107557742,EA
2019-02-08,91.06,97.65,78,97.6,86402225,EA
2019-02-01,89.45,92.8,86.82,91.22,19137213,EA
2019-01-25,91.68,92.98,88.44,91.74,15897171,EA
2019-01-18,89.62,93.16,85.96,92.52,22446301,EA
2019-01-11,84.89,91.59,83.44,90.7,25761710,EA
2019-01-04,80,85.25,77.2,84.42,17120710,EA
2022-04-29,273.29,290.98,270,277.52,211924047,MSFT
2022-04-22,278.91,293.3,273.38,274.03,124741446,MSFT
2022-04-14,291.79,292.61,279.32,279.83,115664768,MSFT
2022-04-08,310.09,315.11,296.28,296.97,143204193,MSFT
2022-04-01,304.33,315.95,304.33,309.42,148667745,MSFT
2022-03-25,298.89,305.5,294.9,303.68,128192615,MSFT
2022-03-18,280.34,301,275.82,300.43,175744631,MSFT
2022-03-11,288.53,289.69,270,280.07,184358475,MSFT
2022-03-04,294.31,303.13,287.165,289.86,157402366,MSFT
2022-02-25,285,297.63,271.52,297.31,168916893,MSFT
2022-02-18,293.77,300.87,286.305,287.93,160446684,MSFT
2022-02-11,306.17,311.93,294.22,295.04,176800964,MSFT
2022-02-04,308.95,315.12,299.96,305.94,202857381,MSFT
2022-01-28,292.2,308.5,276.05,308.26,352537899,MSFT
2022-01-21,304.07,313.9093,295.61,296.03,180568678,MSFT
2022-01-14,309.485,323.41,303.75,310.2,193141391,MSFT
2022-01-07,335.35,338,310.09,314.04,174012812,MSFT
2021-12-31,335.46,344.3,335.43,336.32,84417803,MSFT
2021-12-23,320.05,336.39,317.57,334.69,97516470,MSFT
2021-12-17,340.68,343.79,317.25,323.8,191737796,MSFT
2021-12-10,323.95,343,319.23,342.54,146125332,MSFT
2021-12-03,334.94,339.28,318.03,323.01,177395495,MSFT
2021-11-26,344.62,349.67,328.12,329.68,107337225,MSFT
2021-11-19,337.54,345.1,334.034,343.11,101090157,MSFT
2021-11-12,337.3,338.72,329.92,336.72,106622220,MSFT
2021-11-05,331.355,338.79,326.37,336.06,120621826,MSFT
2021-10-29,309.36,332,306.46,331.62,159314433,MSFT
2021-10-22,303.57,311.09,302.69,309.16,91315937,MSFT
2021-10-15,292.92,304.45,292.35,304.21,113344507,MSFT
2021-10-08,287.4,296.6409,280.25,294.85,122462501,MSFT
2021-10-01,296.14,296.47,281.29,289.1,155541590,MSFT
2021-09-24,296.33,300.9,289.52,299.35,120872685,MSFT
2021-09-17,297.55,305.32,294.08,299.87,134785958,MSFT
2021-09-10,301.005,302.14,295.38,295.71,71791265,MSFT
2021-09-03,301.115,305.19,300.18,301.14,92659391,MSFT
2021-08-27,303.245,305.65,296.83,299.72,101283798,MSFT
2021-08-20,293.19,305.84,288.64,304.36,135072369,MSFT
2021-08-13,289.75,292.9,285.2,292.85,80543547,MSFT
2021-08-06,286.36,289.63,283.74,289.46,80827209,MSFT
2021-07-30,289,290.15,282.95,284.91,129074080,MSFT
2021-07-23,278.9335,289.99,274.45,289.67,129711825,MSFT
2021-07-16,279.157,284.1,276.58,280.75,116956560,MSFT
2021-07-09,278.03,280.6945,274.3,277.94,103360847,MSFT
2021-07-02,266.185,278,265.91,277.65,104384023,MSFT
2021-06-25,259.82,267.85,257.92,265.02,117966870,MSFT
2021-06-18,257.9,262.3,254.42,259.43,128993727,MSFT
2021-06-11,249.98,258.4868,249.81,257.89,107035149,MSFT
2021-06-04,251.23,251.65,243,250.79,93208820,MSFT
2021-05-28,247.785,252.94,247.51,249.68,99588636,MSFT
2021-05-21,246.55,248.33,238.6,245.17,114541724,MSFT
2021-05-14,250.87,251.73,238.07,248.15,153151228,MSFT
2021-05-07,253.4,254.35,244.69,252.46,127807942,MSFT
2021-04-30,261.66,263.19,249,252.18,169214799,MSFT
2021-04-23,260.19,261.78,255.64,261.15,114067956,MSFT
2021-04-16,254.71,261,254.62,260.74,124563138,MSFT
2021-04-09,242.76,255.99,242.7,255.85,130514397,MSFT
2021-04-01,236.59,242.84,231.1,242.35,123980920,MSFT
2021-03-26,230.27,241.05,230.14,236.48,146927214,MSFT
2021-03-19,234.96,240.055,229.3496,230.35,164979946,MSFT
2021-03-12,231.37,239.17,227.13,235.75,150656031,MSFT
2021-03-05,235.9,237.47,224.26,231.6,168775377,MSFT
2021-02-26,237.42,237.93,227.88,232.38,169414358,MSFT
2021-02-19,245.03,246.13,240.18,240.97,90368267,MSFT
2021-02-12,243.15,245.92,240.81,244.99,100112782,MSFT
2021-02-05,235.06,245.09,232.43,242.2,129501505,MSFT
2021-01-29,229.12,242.64,224.22,231.96,243806631,MSFT
2021-01-22,213.75,230.07,212.63,225.95,129180335,MSFT
2021-01-15,218.47,218.91,212.03,212.65,127375699,MSFT
2021-01-08,222.53,223,211.94,219.62,147534431,MSFT
2020-12-31,224.45,227.18,219.68,222.42,76380383,MSFT
2020-12-24,217.55,225.63,217.2801,222.75,89075493,MSFT
2020-12-18,213.1,220.89,212.24,218.59,186710444,MSFT
2020-12-11,214.37,216.95,209.11,213.26,137791151,MSFT
2020-12-04,214.1,217.32,210.835,214.36,137074249,MSFT
2020-11-27,210.95,216.27,208.16,215.23,95039045,MSFT
2020-11-20,214.87,217.74,209.93,210.39,125116110,MSFT
2020-11-13,224.435,228.12,209.72,216.51,158127280,MSFT
2020-11-06,204.29,224.36,200.12,223.72,161978002,MSFT
2020-10-30,213.85,216.3399,199.62,202.47,193420153,MSFT
2020-10-23,220.415,222.3,211.7,216.23,114335316,MSFT
2020-10-16,218.79,225.21,216.01,219.66,141654870,MSFT
2020-10-09,207.22,215.86,204.82,215.81,121950760,MSFT
2020-10-02,210.88,213.99,205.54,206.19,150611695,MSFT
2020-09-25,197.19,209.04,196.38,207.82,164800307,MSFT
2020-09-18,204.24,210.65,196.25,200.39,167808757,MSFT
2020-09-11,206.5,214.8399,201.24,204.03,167684903,MSFT
2020-09-04,227,232.86,205.19,214.25,206710590,MSFT
2020-08-28,214.79,231.15,212.43,228.91,171999762,MSFT
2020-08-21,209.6,216.25,208.91,213.02,132258021,MSFT
2020-08-14,211.67,211.88,203.14,208.9,141752091,MSFT
2020-08-07,211.52,217.64,210.31,212.48,217598950,MSFT
2020-07-31,201.47,205.1,199.01,205.01,149372422,MSFT
2020-07-24,205,213.94,197.51,201.3,230978319,MSFT
2020-07-17,214.48,215.8,201.39,202.88,169559618,MSFT
2020-07-10,208.83,216.38,207.99,213.67,158537665,MSFT
2020-07-02,195.78,208.02,193.55,206.26,122405847,MSFT
2020-06-26,195.79,203.95,194.88,196.33,182956736,MSFT
2020-06-19,184.58,199.29,184.01,195.15,168517456,MSFT
2020-06-12,185.94,198.52,184.44,187.74,203096094,MSFT
2020-06-05,182.54,187.73,181.35,187.2,149429874,MSFT
2020-05-29,186.34,186.5,176.6,183.25,151569299,MSFT
2020-05-22,185.75,186.67,182.54,183.51,143226709,MSFT
2020-05-15,183.15,187.51,175.68,183.16,196126640,MSFT
2020-05-08,174.49,185,173.8,184.68,158579959,MSFT
2020-05-01,176.59,180.4,169.39,174.57,212119968,MSFT
2020-04-24,176.63,178.75,166.11,174.55,194621072,MSFT
2020-04-17,164.35,180,162.3,178.6,238965670,MSFT
2020-04-09,160.32,170,157.58,165.14,229630744,MSFT
2020-04-03,152.44,164.78,150.01,153.83,290191457,MSFT
2020-03-27,137.01,156.66,132.52,149.7,358866845,MSFT
2020-03-20,140,150.15,135,137.35,421347734,MSFT
2020-03-13,151,161.91,138.58,158.83,378231775,MSFT
2020-03-06,165.31,175,156,161.57,313160520,MSFT
2020-02-28,167.77,174.84,152,162.01,383019972,MSFT
2020-02-21,185.61,188.18,177.25,178.59,143313345,MSFT
2020-02-14,183.58,190.7,181.85,185.35,194512444,MSFT
2020-02-07,170.43,185.63,170.4,183.89,167049170,MSFT
2020-01-31,161.15,174.05,160.2,170.23,179845938,MSFT
2020-01-24,166.68,168.19,164.45,165.04,97961146,MSFT
2020-01-17,161.76,167.47,161.26,167.1,121822087,MSFT
2020-01-10,157.08,163.22,156.51,161.34,112604365,MSFT
2020-01-03,158.99,160.73,156.45,158.62,78506330,MSFT
2019-12-27,158.12,159.55,157.12,158.96,59656712,MSFT
2019-12-20,155.11,158.49,153.75,157.41,153142114,MSFT
2019-12-13,151.07,154.89,150.33,154.53,100577839,MSFT
2019-12-06,151.81,151.87,146.65,151.75,104537379,MSFT
2019-11-29,150,152.5,149.92,151.38,74242278,MSFT
2019-11-22,150.07,151.33,148.46,149.59,105652749,MSFT
2019-11-15,145.34,149.99,144.73,149.97,93727027,MSFT
2019-11-08,144.83,145.99,143.2,145.96,86277623,MSFT
2019-11-01,144.4,145.67,142.65,143.72,131732463,MSFT
2019-10-25,138.45,141.14,135.61,140.73,142631768,MSFT
2019-10-18,139.69,141.79,136.56,137.41,107104735,MSFT
2019-10-11,137.14,141.03,135.62,139.68,107510772,MSFT
2019-10-04,138.05,140.25,133.22,138.12,123233428,MSFT
2019-09-27,139.23,140.69,136.03,137.73,110281568,MSFT
2019-09-20,135.83,142.37,135.66,139.44,135317290,MSFT
2019-09-13,139.59,139.75,134.51,137.32,129776465,MSFT
2019-09-06,136.61,140.38,135.7,139.1,83840107,MSFT
2019-08-30,134.99,139.18,133.55,137.86,104909787,MSFT
2019-08-23,137.85,139.49,132.8,133.39,117766903,MSFT
2019-08-16,137.07,138.8,132.25,136.13,131659759,MSFT
2019-08-09,133.3,139.38,130.78,137.71,159823950,MSFT
2019-08-02,141.5,141.51,135.08,136.9,143400310,MSFT
2019-07-26,137.41,141.68,137.33,141.34,101248083,MSFT
2019-07-19,139.44,140.67,134.67,136.62,139389612,MSFT
2019-07-12,136.4,139.22,135.37,138.9,102201981,MSFT
2019-07-05,136.63,137.74,134.97,137.06,69662439,MSFT
2019-06-28,137,138.4,132.73,133.96,124214457,MSFT
2019-06-21,132.63,137.73,132.53,136.97,133967168,MSFT
2019-06-14,132.4,134.24,130.71,132.45,102505844,MSFT
2019-06-07,123.85,132.25,119.01,131.4,147636968,MSFT
2019-05-31,126.98,128,123.32,123.68,89367881,MSFT
2019-05-24,126.52,128.24,124.74,126.24,92123847,MSFT
2019-05-17,124.11,130.46,123.04,128.07,139816701,MSFT
2019-05-10,126.39,128.56,123.57,127.13,146827040,MSFT
2019-05-03,129.9,130.7,125.52,128.9,119573665,MSFT
2019-04-26,122.62,131.37,122.57,129.89,132620050,MSFT
2019-04-18,120.94,123.52,120.1,123.37,77156295,MSFT
2019-04-12,119.81,120.98,118.58,120.95,83159600,MSFT
2019-04-05,118.95,120.43,118.1,119.89,99731237,MSFT
2019-03-29,116.56,118.71,115.52,117.94,119632716,MSFT
2019-03-22,116.17,120.82,116.05,117.05,160388610,MSFT
2019-03-15,110.99,117.25,110.98,115.91,173532134,MSFT
2019-03-08,113.02,113.25,108.8,110.51,111990712,MSFT
2019-03-01,111.76,113.24,110.88,112.53,119359497,MSFT
2019-02-22,107.79,111.2,106.29,110.97,96472580,MSFT
2019-02-15,106.2,108.3,104.97,108.22,110757176,MSFT
2019-02-08,102.87,107.27,102.77,105.67,130472196,MSFT
2019-02-01,106.26,106.48,102.17,102.78,201611213,MSFT
2019-01-25,106.75,107.88,104.86,107.17,112628578,MSFT
2019-01-18,101.9,107.9,101.26,107.71,155699162,MSFT
2019-01-11,101.64,104.88,100.98,102.8,157833149,MSFT
2019-01-04,101.29,102.51,97.2,101.93,155142140,MSFT
2022-04-29,34.375,34.79,32.6,33.58,116887,NCBDY
2022-04-22,35.462,36.12,33.76,34.38,144311,NCBDY
2022-04-14,35.67,37.21,35.03,36.29,106761,NCBDY
2022-04-08,38.79,38.79,36.776,37.07,102871,NCBDY
2022-04-01,37.6,39.99,37.46,38.68,128660,NCBDY
2022-03-25,37,39.13,37,38.45,91424,NCBDY
2022-03-18,37.942,39.19,36.27,38.28,301332,NCBDY
2022-03-11,37,39.28,36.2901,37.93,276006,NCBDY
2022-03-04,37.19,39.246,36.1871,38.4,727241,NCBDY
2022-02-25,33.23,37.19,33.22,37.149,168651,NCBDY
2022-02-18,34.79,36.0399,33.52,33.54,63157,NCBDY
2022-02-11,37.035,38.15,34.1,34.98,203009,NCBDY
2022-02-04,34.925,37.75,34.3976,37.502,407341,NCBDY
2022-01-28,35.57,35.57,32.83,33.7,187642,NCBDY
2022-01-21,35.822,36.454,34.68,35.77,118142,NCBDY
2022-01-14,38.4,38.4,35.06,35.265,56675,NCBDY
2022-01-07,38.31,40.72,36.74,37,69306,NCBDY
2021-12-31,40.432,40.875,38.28,38.9,76908,NCBDY
2021-12-23,38.42,41.68,38.42,40.24,89815,NCBDY
2021-12-17,39.2347,41.89,39,39.644,303994,NCBDY
2021-12-10,40.915,41.86,39.03,39.75,102919,NCBDY
2021-12-03,40.434,41.37,38.34,40.605,461806,NCBDY
2021-11-26,40.944,41.232,39.21,40.09,30339,NCBDY
2021-11-19,42.38,42.38,40.28,40.51,158583,NCBDY
2021-11-12,41.898,41.9,39.8905,41,180287,NCBDY
2021-11-05,38.2,42.58,38.2,41.925,1008272,NCBDY
2021-10-29,37.71,38.87,37.514,38.07,35743,NCBDY
2021-10-22,38.77,39.52,36.25,37.72,357461,NCBDY
2021-10-15,36.086,38.26,35.69,38.26,7355,NCBDY
2021-10-08,35.8,36.42,34.07,36.14,18450,NCBDY
2021-10-01,40.524,40.63,35.8,36.704,74450,NCBDY
2021-09-24,41.03,41.48,39.7775,41.15,1303808,NCBDY
2021-09-17,35.7,40.95,35.7,40.95,169356,NCBDY
2021-09-10,35.7,35.7,35.7,35.7,242,NCBDY
2021-09-03,33.238,35.7,33.238,35.7,462,NCBDY
2021-08-27,33.238,33.238,33.238,33.238,38,NCBDY
2021-08-20,33.42,33.42,33.238,33.238,151,NCBDY
2021-08-13,33.42,33.42,33.42,33.42,75,NCBDY
2021-08-06,33.42,33.42,33.42,33.42,185,NCBDY
2021-07-30,33.42,33.42,33.42,33.42,123,NCBDY
2021-07-23,33,33.42,33,33.42,279,NCBDY
2021-07-16,34.17,34.17,33.05,33.05,1024,NCBDY
2021-07-09,34.862,34.862,34.862,34.862,75,NCBDY
2021-07-02,35,35.5255,34.862,34.862,281,NCBDY
2021-06-25,35.096,35.096,35,35,461,NCBDY
2021-06-18,37.3899,37.3899,37.3899,37.3899,140,NCBDY
2021-06-11,37.3899,37.3899,37.3899,37.3899,355,NCBDY
2021-06-04,37.3899,37.3899,37.3899,37.3899,205,NCBDY
2021-05-28,37.3899,37.3899,37.3899,37.3899,516,NCBDY
2021-05-21,36.56,36.74,36.56,36.74,325,NCBDY
2021-05-14,37.61,37.61,36.56,36.56,367,NCBDY
2021-05-07,37.74,37.74,37.61,37.61,9882,NCBDY
2021-04-30,37.5,37.74,37.5,37.74,3453,NCBDY
2021-04-23,37.38,37.5,37.38,37.5,703,NCBDY
2021-04-16,37.38,37.38,37.38,37.38,157,NCBDY
2021-04-09,36.1,37.38,36.1,37.38,257,NCBDY
2021-04-01,36.434,36.434,36.1,36.1,457,NCBDY
2021-03-26,37.87,37.87,35.845,36.434,9768,NCBDY
2021-03-19,37.87,37.87,37.87,37.87,75,NCBDY
2021-03-12,38.52,38.52,37.87,37.87,382,NCBDY
2021-03-05,38.55,38.55,37.48,38.52,1598,NCBDY
2021-02-26,41.72,41.72,41.16,41.16,862,NCBDY
2021-02-19,44.49,44.49,44.49,44.49,566,NCBDY
2021-02-12,41.69,41.69,41.69,41.69,382,NCBDY
2021-02-05,43.44,43.44,41.69,41.69,1117,NCBDY
2021-01-29,46.26,46.53,41.9,43.44,7529,NCBDY
2021-01-22,44.6,45.21,44.6,45.05,2633,NCBDY
2021-01-15,43.91,45.22,43.91,44.66,1591,NCBDY
2021-01-08,43.91,43.91,43.91,43.91,68,NCBDY
2020-12-31,43.91,43.91,43.91,43.91,68,NCBDY
2020-12-24,43.91,43.91,43.91,43.91,26,NCBDY
2020-12-18,43.91,43.91,43.91,43.91,39,NCBDY
2020-12-11,43.91,43.91,43.91,43.91,42,NCBDY
2020-12-04,36.72,43.91,36.72,43.91,346,NCBDY
2020-11-27,36.72,36.72,36.72,36.72,9,NCBDY
2020-11-20,36.72,36.72,36.72,36.72,99,NCBDY
2020-11-13,36.72,36.72,36.72,36.72,1,NCBDY
2020-11-06,36.72,36.72,36.72,36.72,25,NCBDY
2020-10-30,36.72,36.72,36.72,36.72,62,NCBDY
2020-10-23,36.72,36.72,36.72,36.72,23,NCBDY
2020-10-16,33.89,36.72,33.89,36.72,187,NCBDY
2020-10-09,33.89,33.89,33.89,33.89,2,NCBDY
2020-10-02,33.89,33.89,33.89,33.89,34,NCBDY
2020-09-25,33.3,33.89,33.3,33.89,111,NCBDY
2020-09-18,32.17,33.3,32.17,33.3,1069,NCBDY
2020-09-11,32.17,32.17,32.17,32.17,32,NCBDY
2020-09-04,30.25,32.22,30.25,32.17,1442,NCBDY
2020-08-28,30.25,30.25,30.25,30.25,64,NCBDY
2020-08-21,30.25,30.25,30.25,30.25,201,NCBDY
2020-08-14,29.6,30.25,29.6,30.25,1073,NCBDY
2020-08-07,28.24,29.94,28.24,29.3,1068,NCBDY
2020-07-31,27.47,28.36,27.47,28.24,584,NCBDY
2020-07-24,26,26,26,26,326,NCBDY
2020-07-17,26,26,26,26,360,NCBDY
2020-07-09,26,26,26,26,120,NCBDY
2020-07-01,26,26,26,26,312,NCBDY
2020-06-26,26.41,26.41,26,26,10104,NCBDY
2020-06-19,25.677,29.105,25.08,26.41,1073,NCBDY
2020-06-12,27.64,30.89,24,24.802,117963,NCBDY
2020-06-05,28.1,31.69,26.95,27.64,16619,NCBDY
2020-05-29,27,28,27,28,2107,NCBDY
2020-05-22,26.621,27.23,24.549,27.23,1037,NCBDY
2020-05-15,24.128,27.84,23.63,26.787,2636,NCBDY
2020-05-08,23.433,30.358,22.75,24.37,1775,NCBDY
2020-05-01,27.79,35.209,23.15,23.2,3143,NCBDY
2020-04-24,27.212,27.94,22.701,27.79,2221,NCBDY
2020-04-17,27.42,28.85,23.19,23.19,3614,NCBDY
2020-04-09,23.211,27.43,21.59,21.59,8555,NCBDY
2020-04-03,27.282,27.282,21.24,26,3744,NCBDY
2020-03-27,20.195,28.76,20.195,22.64,3067,NCBDY
2020-03-20,24.531,26.05,19.68,19.68,2149,NCBDY
2020-03-13,29.61,29.61,23,23.321,5028,NCBDY
2020-03-06,25.13,29.33,23.63,29.33,7540,NCBDY
2020-02-28,28.4,28.4,24.75,26.033,3008,NCBDY
2020-02-21,27.46,27.642,26.32,26.99,1326,NCBDY
2020-02-14,27.73,28.331,26.43,28.331,17981,NCBDY
2020-02-07,27.1775,30.6,27.1775,29,13960,NCBDY
2020-01-31,29.45,30.001,28.39,30.001,780,NCBDY
2020-01-24,29.95,30.6,29.2,30.6,3049,NCBDY
2020-01-17,30.3,30.7,29.5,29.5,3024,NCBDY
2020-01-10,29.65,30.3,28.95,30.3,2105,NCBDY
2020-01-03,30.75,30.9,29.9,30.9,1014,NCBDY
2019-12-27,30.45,30.45,29.5,29.97,4647,NCBDY
2019-12-20,30.95,31,29.5,29.5,7720,NCBDY
2019-12-13,31,31,30.1,30.1,7828,NCBDY
2019-12-06,30.8,31.25,30,30,3205,NCBDY
2019-11-27,30.6,30.9,30.6,30.8,1485,NCBDY
2019-11-22,30.1,31.55,30,31,3680,NCBDY
2019-11-15,29.5,30.45,29.5,29.7,3023,NCBDY
2019-11-08,30.7,31.3,28.75,28.8,3394,NCBDY
2019-11-01,32.15,32.15,30.7,30.7,955,NCBDY
2019-10-25,31.15,33.5,31.15,32.15,90877,NCBDY
2019-10-17,31.15,31.45,31.15,31.15,335,NCBDY
2019-10-11,31.15,31.15,31.15,31.15,91,NCBDY
2019-10-08,31.15,31.15,31.15,31.15,72,NCBDY
2019-10-03,31.15,31.15,31.15,31.15,275,NCBDY
2019-09-25,29.5,30,29.5,30,334,NCBDY
2019-09-20,31.1,31.1,29.5,29.5,16253,NCBDY
2019-09-05,29.79,29.79,29.79,29.79,19,NCBDY
2019-08-26,29.79,29.79,29.79,29.79,6,NCBDY
2019-08-23,29.79,29.79,29.79,29.79,244,NCBDY
2019-08-12,28.5,28.5,28.5,28.5,87,NCBDY
2019-08-09,28.5,28.5,28.5,28.5,143,NCBDY
2019-08-06,29,29,27.9,27.9,16010,NCBDY
2019-06-20,24,24,24,24,8,NCBDY
2019-06-13,24,24,24,24,198,NCBDY
2019-06-06,24.23,24.23,24,24,16975,NCBDY
2019-05-31,24.23,24.23,24.23,24.23,9,NCBDY
2019-05-24,24.23,24.23,24.23,24.23,9,NCBDY
2019-05-17,24.23,24.23,24.23,24.23,12,NCBDY
2019-05-10,24.23,24.23,24.23,24.23,29,NCBDY
2019-05-03,24.23,24.23,24.23,24.23,25,NCBDY
2019-04-26,24.23,24.23,24.23,24.23,302,NCBDY
2019-04-22,22.45,22.45,22.45,22.45,4,NCBDY
2019-04-18,22.4,22.45,22.15,22.45,623,NCBDY
2019-04-11,22.4,22.4,22.4,22.4,529,NCBDY
2022-04-29,59.62,61.87,56.71,56.98,1334421,NTDOY
2022-04-22,63.2,63.66,61.25,61.31,1612860,NTDOY
2022-04-14,63.69,64.85,63.36,63.42,1078525,NTDOY
2022-04-08,65,65.68,63.27,64.22,1228962,NTDOY
2022-04-01,66.02,68.25,62.2,64.84,3238409,NTDOY
2022-03-25,63.5,68,63.5,67.11,1438057,NTDOY
2022-03-18,61.39,64.81,60.805,64.56,1376535,NTDOY
2022-03-11,62.1,63.75,59.94,62.48,1243936,NTDOY
2022-03-04,62.9,64.9399,62.69,63.35,1812060,NTDOY
2022-02-25,63.59,63.59,60.85,62.19,1205583,NTDOY
2022-02-18,62.73,64.4799,61.86,63.88,1529389,NTDOY
2022-02-11,63.61,63.82,61.33,61.99,1677786,NTDOY
2022-02-04,60.88,63.19,60.77,63.02,1956647,NTDOY
2022-01-28,58.89,61.78,57.44,61.11,3460178,NTDOY
2022-01-21,58.05,60.64,57.87,59.32,2741823,NTDOY
2022-01-14,57.32,59.28,56.96,57.16,1361155,NTDOY
2022-01-07,59,59.9,56.55,58.1,1510391,NTDOY
2021-12-31,60,61.373,58.11,58.37,1558626,NTDOY
2021-12-23,58.52,61.16,58.51,60.91,1571170,NTDOY
2021-12-17,59.01,59.98,57.92,58.21,1860703,NTDOY
2021-12-10,55.85,59.85,55.45,59.4,2196446,NTDOY
2021-12-03,56.88,57.1799,54.77,55.8,2144672,NTDOY
2021-11-26,56.65,56.65,54.2,54.27,1212897,NTDOY
2021-11-19,55.42,57.07,54.89,56.83,2028810,NTDOY
2021-11-12,54.05,55.44,54.01,55.36,1432976,NTDOY
2021-11-05,55.72,55.72,52.95,55.35,1946997,NTDOY
2021-10-29,54.1,55.25,53.39,55.25,1251211,NTDOY
2021-10-22,56.07,56.54,54.4093,54.86,2947431,NTDOY
2021-10-15,56.68,57.49,55.96,56.29,1236471,NTDOY
2021-10-08,55.76,56.9,54.41,56.36,2127295,NTDOY
2021-10-01,61.25,61.29,54.78,56.3,4212337,NTDOY
2021-09-24,59.85,61.64,59.59,60.76,2308547,NTDOY
2021-09-17,62.77,62.87,59.63,60.7,3176117,NTDOY
2021-09-10,63.42,63.75,61.3,62.17,2034495,NTDOY
2021-09-03,59.01,62.78,59.01,61.9,2678401,NTDOY
2021-08-27,60.02,60.9,58.4,58.95,2171206,NTDOY
2021-08-20,59.22,60.38,57.83,60.38,2903968,NTDOY
2021-08-13,59.54,59.84,56.72,59.43,3363894,NTDOY
2021-08-06,65.12,65.49,59.11,59.12,3164010,NTDOY
2021-07-30,68,68.92,64.01,64.25,2389684,NTDOY
2021-07-23,69.36,69.97,67.55,68.63,5792648,NTDOY
2021-07-16,71.73,72.69,70.5,70.55,1402869,NTDOY
2021-07-09,75.225,75.52,70.04,72.69,1188017,NTDOY
2021-07-02,72.785,73.9,72.03,73.46,1276240,NTDOY
2021-06-25,73.4,74.25,72,72.38,1135689,NTDOY
2021-06-18,74.71,74.71,70.61,73.59,1696715,NTDOY
2021-06-11,78,78.89,76.25,77.05,1083029,NTDOY
2021-06-04,75.9,78.0499,75.18,77.79,1000802,NTDOY
2021-05-28,74.59,77.95,74.41,77.32,1559982,NTDOY
2021-05-21,71.02,74.05,70.3,73.37,2966740,NTDOY
2021-05-14,71.01,71.76,67.86,70.53,4612555,NTDOY
2021-05-07,72.32,72.9499,68.08,68.99,3276349,NTDOY
2021-04-30,70.62,73.16,70.01,71.89,2202973,NTDOY
2021-04-23,73.26,74.47,71.55,72.45,1924647,NTDOY
2021-04-16,72.51,76.01,72.51,74.85,1300705,NTDOY
2021-04-09,72.33,74.95,71.14,74,1248800,NTDOY
2021-04-01,73.001,73.12,70.03,71.82,1532527,NTDOY
2021-03-26,73.44,74.29,70.6,73.12,2137686,NTDOY
2021-03-19,70.69,73.9,70.5,72.08,2506806,NTDOY
2021-03-12,69.05,70.68,68.13,69.2,3719040,NTDOY
2021-03-05,76.87,77.39,69.31,71.825,3364532,NTDOY
2021-02-26,80.55,80.88,75,77.12,2230230,NTDOY
2021-02-19,81.41,82,79.96,81.37,2000714,NTDOY
2021-02-12,76,79.67,73.87,79.61,2262668,NTDOY
2021-02-05,76.05,78.17,72.71,75.21,3982322,NTDOY
2021-01-29,76.2355,76.27,72,72.27,3177190,NTDOY
2021-01-22,79.78,79.78,75.78,77.49,1915922,NTDOY
2021-01-15,78.58,80.49,78.51,78.75,1642054,NTDOY
2021-01-08,79.8,80.88,78,80.05,2309158,NTDOY
2020-12-31,79.5,82.37,78.81,80.52,1723076,NTDOY
2020-12-24,77.31,79.16,77.01,78.58,1262475,NTDOY
2020-12-18,75.7,82.55,74.08,80.84,2189985,NTDOY
2020-12-11,70.24,72.91,68.14,72.79,1630340,NTDOY
2020-12-04,72.66,72.66,67.0565,68.4,2200094,NTDOY
2020-11-27,67,70.5,65.61,70,2552355,NTDOY
2020-11-20,63.98,67.06,62.7,66.32,5388119,NTDOY
2020-11-13,67.5,67.5,61.61,65.53,5702482,NTDOY
2020-11-06,68.38,73.75,68.02,70.66,2954819,NTDOY
2020-10-30,65.5,69.7,65,67.73,1538966,NTDOY
2020-10-23,68.87,69.45,65.4,65.6,1157539,NTDOY
2020-10-16,70.77,70.98,68.7,68.85,1377550,NTDOY
2020-10-09,67.02,69.66,67.02,68.78,1411496,NTDOY
2020-10-02,70.78,72,68.71,69.46,1328253,NTDOY
2020-09-25,71.29,71.98,69.31,70.34,1231373,NTDOY
2020-09-18,70.175,72.82,69.96,72.06,2290968,NTDOY
2020-09-11,66.47,70,66.02,69.99,2373519,NTDOY
2020-09-04,67.233,71.31,66.95,70.68,10100958,NTDOY
2020-08-28,67.6,68.7,65.7,67.24,5224348,NTDOY
2020-08-21,60.12,64.74,60.12,64.31,2856838,NTDOY
2020-08-14,60.2,60.5,58.395,59.96,1398285,NTDOY
2020-08-07,55.49,62.2,55,59.13,3152275,NTDOY
2020-07-31,55.54,56.91,54.77,55.01,749965,NTDOY
2020-07-24,55.49,55.91,54.72,55.26,853611,NTDOY
2020-07-17,56.6,57.5,55.55,55.84,914100,NTDOY
2020-07-10,58.06,60,56.99,57.29,1134000,NTDOY
2020-07-02,56.38,56.69,55.22,56.37,535500,NTDOY
2020-06-26,58.88,58.88,55.11,56.2,4066000,NTDOY
2020-06-19,55.02,58.95,54.58,58.59,1540300,NTDOY
2020-06-12,51.45,55.69,51,55.4,1521500,NTDOY
2020-06-05,51.3,53.08,50.43,52.72,2622500,NTDOY
2020-05-29,51.77,51.95,50.5,50.84,1410080,NTDOY
2020-05-22,52.085,52.65,50.81,52.13,1381347,NTDOY
2020-05-15,51.2,52.71,50.67,52.39,1220677,NTDOY
2020-05-08,51.66,54.84,51.18,51.8,2253042,NTDOY
2020-05-01,54.89,54.89,51.02,52.36,1746151,NTDOY
2020-04-24,52.85,55.92,52.46,54.825,3062719,NTDOY
2020-04-17,50.65,55.1,50.65,53.63,2562038,NTDOY
2020-04-09,49.09,51.085,49.09,50.49,2078662,NTDOY
2020-04-03,47.74,49.04,45.81,48.04,2466714,NTDOY
2020-03-27,42.72,46.53,42.29,45.685,3019345,NTDOY
2020-03-20,37.7,45.18,35.82,43.505,1978284,NTDOY
2020-03-13,42.2,43.58,37.65,39.695,2298905,NTDOY
2020-03-06,42.01,43.95,42.01,43.88,1505728,NTDOY
2020-02-28,43.05,44.23,40.76,41.98,2074109,NTDOY
2020-02-21,44.96,45.6,44.15,44.35,1121863,NTDOY
2020-02-14,46.03,46.83,45.1,45.22,1884110,NTDOY
2020-02-07,46.14,46.5,45.8,46.03,2234586,NTDOY
2020-01-31,48.08,48.99,45.75,45.9,2032661,NTDOY
2020-01-24,49,49.96,48.85,49.73,583864,NTDOY
2020-01-17,49.1,49.6,48.57,48.67,872231,NTDOY
2020-01-10,49.4,49.75,48.9,49.46,1734990,NTDOY
2020-01-03,49.93,50.82,49.7,50.25,681003,NTDOY
2019-12-27,49.54,50.12,49.4,50,527693,NTDOY
2019-12-20,51.75,52.415,49.18,49.48,1815768,NTDOY
2019-12-13,51.69,53.24,50.85,50.95,1412909,NTDOY
2019-12-06,49.38,51.06,49.38,50.55,1384596,NTDOY
2019-11-29,48.33,48.85,48.25,48.39,603465,NTDOY
2019-11-22,48.2,49.59,47.46,47.975,3848794,NTDOY
2019-11-15,47.86,48.58,47.38,47.42,650618,NTDOY
2019-11-08,49.65,49.85,47.85,47.97,3978120,NTDOY
2019-11-01,42.68,49.9,42.52,49.61,4768983,NTDOY
2019-10-25,44.44,44.5148,42.06,42.29,1351955,NTDOY
2019-10-18,46.2,46.68,44.29,44.44,1907901,NTDOY
2019-10-11,47.08,47.85,46.02,46.39,1371544,NTDOY
2019-10-04,46.47,48.03,46.2,48.03,1270151,NTDOY
2019-09-27,49.2,49.45,46.6,46.6,2287695,NTDOY
2019-09-20,48.035,49.9,47.812,49.26,1234425,NTDOY
2019-09-13,49.08,49.21,47.55,48.12,1339162,NTDOY
2019-09-06,47.83,48.8,47.5,48.41,1054520,NTDOY
2019-08-30,47.2,47.81,47.11,47.25,603930,NTDOY
2019-08-23,46.92,47.93,46.65,47.1,1053821,NTDOY
2019-08-16,46.68,47.09,45.15,47.05,1500790,NTDOY
2019-08-09,45.77,47.075,45.12,46.4,1429156,NTDOY
2019-08-02,46.53,48.43,44.87,46.53,2682568,NTDOY
2019-07-26,46.84,47.01,45.74,46.22,1564468,NTDOY
2019-07-19,48.26,48.405,47.26,47.54,1237397,NTDOY
2019-07-12,46.75,48.68,46.17,48.228,2126265,NTDOY
2019-07-05,46.5,47.12,46.12,46.77,1311797,NTDOY
2019-06-28,44.52,45.82,43.64,45.77,1468650,NTDOY
2019-06-21,43.35,45.14,43.145,44.61,804883,NTDOY
2019-06-14,45.65,45.98,42.81,43.15,2469323,NTDOY
2019-06-07,44.41,45.59,43.51,45.34,1463902,NTDOY
2019-05-31,44.4,44.93,43.59,44.135,933096,NTDOY
2019-05-24,42.77,44.65,42.56,44.61,2181684,NTDOY
2019-05-17,42.18,43.15,41.04,42.4,2210859,NTDOY
2019-05-10,42.46,43.38,41.36,42.63,2627631,NTDOY
2019-05-03,42.75,43.55,42.65,43.535,979660,NTDOY
2019-04-26,43.09,43.09,39.65,43.05,4744906,NTDOY
2019-04-18,38.17,44.18,37.95,43.46,4622645,NTDOY
2019-04-12,36.65,38.027,36.45,37.95,1218821,NTDOY
2019-04-05,36.08,37.57,35.81,37.37,1254641,NTDOY
2019-03-29,34.85,36.35,34.7,35.87,2167388,NTDOY
2019-03-22,35.75,35.97,33.99,34.1,2034714,NTDOY
2019-03-15,33.35,34.98,33.15,34.92,1467315,NTDOY
2019-03-08,34.05,34.79,33.055,33.395,1557047,NTDOY
2019-03-01,34.91,35.84,34.09,34.67,4678965,NTDOY
2019-02-22,33.13,36.04,33.04,35.54,4406633,NTDOY
2019-02-15,32.98,33.9,32.02,33.66,1811328,NTDOY
2019-02-08,36.55,36.734,32.45,32.88,1607707,NTDOY
2019-02-01,37.32,38.75,35.2,35.42,2706029,NTDOY
2019-01-25,38.3,38.81,37.92,38.695,1413409,NTDOY
2019-01-18,34.88,39.34,34.88,39.25,2548649,NTDOY
2019-01-11,33.92,35.56,33.92,34.835,1273286,NTDOY
2019-01-04,33.3,33.78,32.43,33.65,1116228,NTDOY
2022-04-29,84.9,99.32,84.775,95.33,10068540,NTES
2022-04-22,93.11,94.025,85.36,85.86,8503629,NTES
2022-04-14,101.18,101.18,91.97,95.06,8298507,NTES
2022-04-08,99.44,99.525,92.27,93.04,7512449,NTES
2022-04-01,95.38,99.98,88.38,95.81,10358233,NTES
2022-03-25,86.9,98.26,86.28,93.66,13105721,NTES
2022-03-18,71.28,94.14,68.62,90.18,33168275,NTES
2022-03-11,85.29,91.76,76.95,79.09,20546235,NTES
2022-03-04,97,99.13,84.35,85.5,17625234,NTES
2022-02-25,95.38,99.97,87.5,99.72,15260841,NTES
2022-02-18,97.64,102.75,96.96,98.52,9657996,NTES
2022-02-11,99.97,108.11,98.11,99.04,10928469,NTES
2022-02-04,98.19,103.42,98.01,100.6,7299972,NTES
2022-01-28,95.725,100.45,91.73,96.4,12619323,NTES
2022-01-21,102.26,108.275,96.63,96.99,12460986,NTES
2022-01-14,100.54,108.19,97.71,103.36,10615439,NTES
2022-01-07,101.42,101.71,95.37,99.71,8975043,NTES
2021-12-31,96.83,105.86,94.13,101.78,9108874,NTES
2021-12-23,92.47,98.24,89.8,97.84,17728697,NTES
2021-12-17,101.96,103.7,91.78,93.75,19477400,NTES
2021-12-10,99.81,108.855,98.02,102.84,21672409,NTES
2021-12-03,114.09,114.66,98.79,100.05,22793490,NTES
2021-11-26,116.23,118.19,110.95,114.33,9862330,NTES
2021-11-19,112.53,117.37,109.2501,115.55,15713524,NTES
2021-11-12,103.47,112.42,100.3,111.15,12260365,NTES
2021-11-05,98.52,104.74,98.5,101.51,9076111,NTES
2021-10-29,103.69,104.65,96.9106,97.59,11213884,NTES
2021-10-22,95.16,107.9943,95.12,102.24,19891099,NTES
2021-10-15,97.93,98.41,94.32,95.56,18367715,NTES
2021-10-08,82.07,97.36,80.85,96.32,27783321,NTES
2021-10-01,81.53,86.73,80.65,83.8,26597722,NTES
2021-09-24,80.41,82.68,78.86,81.34,14302772,NTES
2021-09-17,87.5222,89.71,81.5,82.88,22972149,NTES
2021-09-10,96.31,97.59,84.5,88.45,20121037,NTES
2021-09-03,84.59,99.4,84.5648,92.99,22608375,NTES
2021-08-27,82.47,94.39,82.15,92.76,17820069,NTES
2021-08-20,86.89,86.89,77.975,80.63,24850659,NTES
2021-08-13,88.41,93.9026,88.1,89.66,11996780,NTES
2021-08-06,102.87,106.18,86.02,87,19863833,NTES
2021-07-30,96.84,103.5,82.5,102.21,36827928,NTES
2021-07-23,110.72,114.04,102.92,103.53,11461418,NTES
2021-07-16,109.05,114.77,108.37,112.1,6983021,NTES
2021-07-09,110.97,111,104.205,108.33,8923556,NTES
2021-07-02,108.22,116.52,108.1,113.31,11054297,NTES
2021-06-25,107.6,108.91,105.29,106.8,9957821,NTES
2021-06-18,113.41,114.41,106,107.41,15046679,NTES
2021-06-11,114.19,115.531,110.12,113.09,9717986,NTES
2021-06-04,118.78,119.61,112.94,114.44,8416635,NTES
2021-05-28,115.93,118.48,112.76,117.93,12056100,NTES
2021-05-21,104.92,120.84,103.05,117.39,11717331,NTES
2021-05-14,109.5,109.585,101.45,105.34,9631406,NTES
2021-05-07,111.85,113.32,107.02,109.86,6117832,NTES
2021-04-30,110.5,116.81,110.1,112.06,7620084,NTES
2021-04-23,107.31,114.9,105.52,112.62,8786904,NTES
2021-04-16,102.34,109.785,102.25,106.8,7494836,NTES
2021-04-09,107.5,107.66,100.5,103.94,6959146,NTES
2021-04-01,102.4,109.65,100.9,106.6,7448281,NTES
2021-03-26,109.3,112,99.4,103.94,11180422,NTES
2021-03-19,106.64,109.87,104.62,109.07,12354430,NTES
2021-03-12,105.715,113.1,101.75,107.95,14187229,NTES
2021-03-05,111.48,113.175,104.96,108.26,15592997,NTES
2021-02-26,120.17,121,104.26,109.85,19528777,NTES
2021-02-19,128.53,129.55,118.85,123.89,8588970,NTES
2021-02-12,124.8,134.33,123.52,132.12,9522663,NTES
2021-02-05,116.2,126,116.2,124.02,9956299,NTES
2021-01-29,125.84,128.38,113.47,114.99,13133704,NTES
2021-01-22,107.74,117.56,107.54,116.76,9556949,NTES
2021-01-15,111,111.97,104.13,105.08,13298961,NTES
2021-01-08,96.06,114.8049,95.3,114.57,16644026,NTES
2020-12-31,92.65,97.04,90.18,95.77,7141550,NTES
2020-12-24,92.555,94.69,90.72,92.66,5067766,NTES
2020-12-18,87.41,95.46,84.8,94.79,17866150,NTES
2020-12-11,89.14,91.82,86.22,88.26,12896684,NTES
2020-12-04,93.13,93.15,87.08,87.38,11593786,NTES
2020-11-27,94.68,98.4,92.16,93.34,11600974,NTES
2020-11-20,87.88,94.08,84.88,93.51,15818956,NTES
2020-11-13,91.36,91.63,85.4,88.27,15410226,NTES
2020-11-06,86.25,96.1,82.93,92.04,13798529,NTES
2020-10-30,85.31,89.62,85.17,86.79,9184988,NTES
2020-10-23,89.2,90.34,84.98,85.87,10542795,NTES
2020-10-16,91.79,92.88,86.38,88.52,10854714,NTES
2020-10-09,89.8,91.1,85.04,90.6,10550385,NTES
2020-10-02,470.8735,470.8735,88.12,89.1,3545656,NTES
2020-09-25,464.35,485.72,463.01,472.14,2232106,NTES
2020-09-18,463.36,486.95,459.98,466.07,2393266,NTES
2020-09-11,463.87,476.27,451.62,455.71,1718444,NTES
2020-09-04,491.69,504.31,466.84,485.25,3273332,NTES
2020-08-28,490,517.65,488.695,504.17,2611308,NTES
2020-08-21,463.07,485.615,462.75,484.98,1724109,NTES
2020-08-14,464.44,476.97,451.68,461.39,2623796,NTES
2020-08-07,463.93,487.11,461.3,466.5,2920244,NTES
2020-07-31,451.79,459.55,444.1,458.42,2471818,NTES
2020-07-24,459.99,486.05,434.02,448.33,2985207,NTES
2020-07-17,485.52,492.48,446.58,457.27,3892853,NTES
2020-07-10,440.65,503.27,436.16,484.46,6486819,NTES
2020-07-02,435.07,437.78,425.01,430.91,2779662,NTES
2020-06-26,416.5,441.87,410.06,438.05,4243433,NTES
2020-06-19,404.98,424.31,401.78,413.21,4492541,NTES
2020-06-12,425,426.88,403.23,409.48,8264820,NTES
2020-06-05,389.86,427.33,371.43,425.37,7255273,NTES
2020-05-29,382.1,395.4,361.01,382.9,3694462,NTES
2020-05-22,385,402.07,365.4,372.25,5567476,NTES
2020-05-15,360.25,375.98,355.26,374.41,3121779,NTES
2020-05-08,330.75,361.51,327.02,359.77,2434261,NTES
2020-05-01,356.4,363.95,324.42,325.34,3270033,NTES
2020-04-24,346.06,353.81,337.07,348.95,2531807,NTES
2020-04-17,326.26,367.52,325.57,348.64,3458638,NTES
2020-04-09,335.95,341.39,321,327.35,2793602,NTES
2020-04-03,301.36,337.67,300.93,325,3987583,NTES
2020-03-27,291.72,328,285.24,301.35,4651788,NTES
2020-03-20,298.18,313.42,265.86,285.06,6544608,NTES
2020-03-13,318.4,335.84,290.55,319.9,5245734,NTES
2020-03-06,319.33,348.46,306.76,336.21,5945534,NTES
2020-02-28,332.82,351.7,311.19,318.71,4700490,NTES
2020-02-21,353.01,361,343.14,344.99,2314910,NTES
2020-02-14,341.07,358.7,340.32,354.64,3206662,NTES
2020-02-07,323.98,347.95,323.27,339.75,4428354,NTES
2020-01-31,317.85,333.6,317.48,320.76,3761024,NTES
2020-01-24,348.39,348.39,327.04,328.15,3328304,NTES
2020-01-17,341.75,352,341.44,349.82,3688990,NTES
2020-01-10,323.67,342.31,319.32,338.91,2775629,NTES
2020-01-03,307.25,337.88,302.58,324.66,2715976,NTES
2019-12-27,304.78,308.39,300.71,306.11,1881878,NTES
2019-12-20,306.5,310.6,298.46,305.18,3794689,NTES
2019-12-13,309,315.52,301.52,304,3252486,NTES
2019-12-06,315.94,325,305.74,309.67,3027505,NTES
2019-11-29,305,320,298.98,315.32,4421850,NTES
2019-11-22,290.36,311.77,283.56,310.4,4221269,NTES
2019-11-15,297.33,298.49,287.22,291.23,1860824,NTES
2019-11-08,298.23,309.24,292.68,299.04,3300357,NTES
2019-11-01,282.16,292.96,279.75,289.54,2148163,NTES
2019-10-25,290.11,291,268.98,281.16,3664535,NTES
2019-10-18,266.44,295,265.5,286.03,4745021,NTES
2019-10-11,263.49,274.2,252.94,268.79,3176411,NTES
2019-10-04,263.37,275.67,255.35,263.63,3721924,NTES
2019-09-27,267.15,277.9,255.6,260.69,3758420,NTES
2019-09-20,272.16,275.33,265.73,269.44,2845119,NTES
2019-09-13,279,282.15,269.9,275.27,2784006,NTES
2019-09-06,253.88,282.23,250.37,278.81,3797566,NTES
2019-08-30,249.71,257.26,245.81,255,3748491,NTES
2019-08-23,262.11,262.88,243.9,247.23,3026711,NTES
2019-08-16,236.87,264.74,235.01,258.48,6045448,NTES
2019-08-09,212.71,246.11,209.01,242.9,6046768,NTES
2019-08-02,238.36,238.77,215.31,219.7,3667465,NTES
2019-07-26,246.01,247.57,235.31,238.96,2158990,NTES
2019-07-19,261.17,262.24,243.43,243.78,2431071,NTES
2019-07-12,260.31,267.1,254.08,259.87,1736657,NTES
2019-07-05,263.76,266.5,258.62,261.5,1689652,NTES
2019-06-28,264.18,264.68,252.67,255.77,1885490,NTES
2019-06-21,270,270.53,258.135,262.43,2773612,NTES
2019-06-14,260.65,270.38,257.49,265.94,3631283,NTES
2019-06-07,249.58,260.44,242.83,258.26,3306760,NTES
2019-05-31,256.35,258.68,246,248.61,4494217,NTES
2019-05-24,262,264.19,253.01,255.98,4247454,NTES
2019-05-17,253.89,282,252.33,266.53,5372634,NTES
2019-05-10,272.12,282.27,250.2,264.47,5382436,NTES
2019-05-03,281.79,289.69,278.38,285.44,3085011,NTES
2019-04-26,262.9,282.95,262.01,280.73,2748918,NTES
2019-04-18,273.63,274.4,263.37,266.01,1906557,NTES
2019-04-12,278,280.84,269.04,274.45,3322409,NTES
2019-04-05,244.88,282.74,243.8,279.68,4721238,NTES
2019-03-29,231.51,241.73,228.89,241.45,2661017,NTES
2019-03-22,244.77,245.97,231.86,232.35,2826849,NTES
2019-03-15,229.26,244.08,228.92,242.35,3157029,NTES
2019-03-08,219,234.17,213.28,226.57,3919055,NTES
2019-03-01,227.23,229.58,212.34,217.38,4674584,NTES
2019-02-22,235,238.7,216.31,222.65,6391809,NTES
2019-02-15,242.34,247.95,226.02,227.62,3084324,NTES
2019-02-08,249.79,257,235.32,239.88,2283942,NTES
2019-02-01,240.83,256,235.01,249.79,3220015,NTES
2019-01-25,249.1,249.68,237.79,242.59,3046867,NTES
2019-01-18,242.17,258.67,239.22,252.68,3655171,NTES
2019-01-11,235,258.72,230.63,243.42,4205243,NTES
2019-01-04,239.11,243.89,218.84,229.75,3008367,NTES
2022-04-29,86.42,88.5,84.01,86.05,4571854,SONY
2022-04-22,88.38,91.08,85.55,85.6,4170280,SONY
2022-04-14,94.26,94.36,89.03,89.14,4478359,SONY
2022-04-08,103.32,105.05,97.38,98.27,3584747,SONY
2022-04-01,104.33,106.825,102.05,102.92,2714834,SONY
2022-03-25,105.75,107.52,103.88,106.29,2928272,SONY
2022-03-18,97,106.19,94.33,106.12,3361440,SONY
2022-03-11,97.45,100.76,95.5,97.31,3904445,SONY
2022-03-04,102.52,103.1,97.67,98.47,2931254,SONY
2022-02-25,102.1,104.34,97.27,104.09,3537034,SONY
2022-02-18,107.03,108.68,103.71,104.23,3430904,SONY
2022-02-11,109.4,111.9823,107.34,107.79,3524474,SONY
2022-02-04,109.22,119,107.53,109.12,6303652,SONY
2022-01-28,110.11,112.68,102.91,106.84,6200292,SONY
2022-01-21,120.92,121.7,110.02,111.63,10423753,SONY
2022-01-14,123.5,127.65,121.17,124.79,3170751,SONY
2022-01-07,126.4,133.75,122.37,124.31,6092684,SONY
2021-12-31,125.08,128.3,124.74,126.4,1731193,SONY
2021-12-23,118.64,124.27,117.7445,123.86,2530132,SONY
2021-12-17,122.52,124.01,119.4816,121.13,3048069,SONY
2021-12-10,120.08,126,119.56,123.26,2360957,SONY
2021-12-03,121.82,123.65,118,120.02,3222548,SONY
2021-11-26,125.22,125.22,120.23,121.27,2002945,SONY
2021-11-19,123.5,125.76,122.77,125.24,2085178,SONY
2021-11-12,124.63,124.63,120.82,122.9,2628217,SONY
2021-11-05,120,124.05,120,123.22,3576402,SONY
2021-10-29,114.53,118.93,113.14,115.79,3569561,SONY
2021-10-22,110.73,113.4,110.5,112.97,2712058,SONY
2021-10-15,108.9,112.96,108.3,112.5,2823098,SONY
2021-10-08,108.11,108.5,104.09,107.49,3278831,SONY
2021-10-01,117.08,117.53,108.4714,109.51,3308602,SONY
2021-09-24,108.9,117.869,107.44,117.61,3930844,SONY
2021-09-17,111.73,112.36,110.0968,110.7,2290288,SONY
2021-09-10,108.25,111.84,107.02,110.32,2071688,SONY
2021-09-03,102.75,108.29,102.35,108.25,2371000,SONY
2021-08-27,99.9,105.4,99.62,103.25,2572325,SONY
2021-08-20,99.98,100.92,95.621,97.64,2886597,SONY
2021-08-13,102.64,102.75,98.76,101.94,2423439,SONY
2021-08-06,104.78,105.35,101.745,102.62,2594258,SONY
2021-07-30,100.25,106.12,98.7,104.3,3582681,SONY
2021-07-23,98.73,100.86,97.76,100.66,2521082,SONY
2021-07-16,104.09,105.29,101.36,101.5,3289315,SONY
2021-07-09,101.76,102.36,98.05,102.04,2727299,SONY
2021-07-02,98.44,101.74,96.9,101.65,3437119,SONY
2021-06-25,96.02,98.52,96,98.25,3204873,SONY
2021-06-18,98.88,99.99,94.4203,94.77,3068746,SONY
2021-06-11,99.7,100.65,97.61,99.6,3853185,SONY
2021-06-04,99.86,101.05,97.1,100.69,2738173,SONY
2021-05-28,96.84,100.525,96.57,99.61,2829182,SONY
2021-05-21,94.27,97.44,93.47,96.38,3120314,SONY
2021-05-14,99.25,99.49,91.745,94.15,5060472,SONY
2021-05-07,100.97,101.19,96.49,97.04,4789746,SONY
2021-04-30,109,109.7,100,100.16,5820649,SONY
2021-04-23,111.05,111.24,106.7,109.94,2797314,SONY
2021-04-16,111.49,113.5,110.71,111.1,2541237,SONY
2021-04-09,110.8,112.06,109,111.79,3147361,SONY
2021-04-01,105.9,107.12,103.72,106.86,2559995,SONY
2021-03-26,106,107.42,101.461,105.42,5909411,SONY
2021-03-19,104.88,107.25,104.17,105.26,3903043,SONY
2021-03-12,102.34,104.59,100.09,104.56,5390437,SONY
2021-03-05,107.33,108.56,100.7301,104.14,5770981,SONY
2021-02-26,113.53,114.9099,105.3701,105.81,5935873,SONY
2021-02-19,115.85,117.81,112.43,115.54,3997227,SONY
2021-02-12,114.36,115.64,111.9892,113.53,3702496,SONY
2021-02-05,97.61,118.5,96.94,116.71,9195769,SONY
2021-01-29,99.7,100.18,95.09,95.71,5646886,SONY
2021-01-22,102.03,103.5999,101.03,101.11,2987250,SONY
2021-01-15,104.33,105,101.5308,102.05,4882345,SONY
2021-01-08,101.5,104,99.46,103.99,5325417,SONY
2020-12-31,98.19,101.4,97.83,101.1,3229312,SONY
2020-12-24,98.89,99.53,96.54,96.84,2653726,SONY
2020-12-18,94.96,99.35,93.34,98.71,5026878,SONY
2020-12-11,93,94.98,92.94,94.68,5240981,SONY
2020-12-04,93.65,94.82,92.155,94.4,4406422,SONY
2020-11-27,90.1,94.5,89.4737,94.07,4159938,SONY
2020-11-20,90.69,91.1,88.24,89.98,5173197,SONY
2020-11-13,90,90.045,85.28,89.72,6846690,SONY
2020-11-06,84.12,90.88,84.04,89.39,7394379,SONY
2020-10-30,75.75,84.05,75.55,83.66,8362072,SONY
2020-10-23,73.7,75.87,72.81,75.43,4328339,SONY
2020-10-16,74.07,75.18,72.45,72.67,4813593,SONY
2020-10-09,74.85,75.22,73.1,74.55,4437016,SONY
2020-10-02,78.1,78.1,73.6201,74,4058103,SONY
2020-09-25,77.75,79.08,76.39,77.26,3819526,SONY
2020-09-18,77.33,80.17,76.2324,78.96,6528186,SONY
2020-09-11,76.71,77.95,75.87,77.02,3957057,SONY
2020-09-04,78.65,80.1092,75.604,77.66,5039685,SONY
2020-08-28,79.91,81.21,78.8,79.39,4428581,SONY
2020-08-21,83.53,83.9,78.2,78.75,5935706,SONY
2020-08-14,80.45,83.61,79.22,82.93,6132079,SONY
2020-08-07,78.71,84.145,78.67,80.03,7281576,SONY
2020-07-31,77.67,78.76,76.91,77.96,3658633,SONY
2020-07-24,77.18,78.5,75.34,76.46,3133936,SONY
2020-07-17,75.5,77.88,73.13,76.08,6584800,SONY
2020-07-10,70.52,74.11,68.98,73.94,5455800,SONY
2020-07-02,68.74,70.95,68.15,70.23,4345500,SONY
2020-06-26,71.25,72.34,69.2,69.68,4077697,SONY
2020-06-19,68.36,71.85,67.89,70.98,6478611,SONY
2020-06-12,67.5,70.6,66.87,68.29,9365456,SONY
2020-06-05,64.91,67.55,64.56,67.31,8009009,SONY
2020-05-29,62.79,65.33,62.02,64.76,5743390,SONY
2020-05-22,63,64.455,62.175,63.24,8301844,SONY
2020-05-15,65.77,66.4,62.295,64.01,7166873,SONY
2020-05-08,62.3,65.89,61.3515,65.51,4497577,SONY
2020-05-01,63.51,64.85,62.16,62.73,5133434,SONY
2020-04-24,63.59,64.43,61.41,62.96,7620475,SONY
2020-04-17,61,64.44,59.51,64.44,11443103,SONY
2020-04-09,59.83,62.9,59.3,61.58,4795874,SONY
2020-04-03,59.94,60.5,56.645,57.48,5158831,SONY
2020-03-27,53.94,60.6,51.58,59.32,8508346,SONY
2020-03-20,52,58.1,50.94,53.06,10781770,SONY
2020-03-13,58.19,61.15,51.5,56.32,9926278,SONY
2020-03-06,63.6,64.95,62.16,63.12,7481172,SONY
2020-02-28,64,65.5,59.35,62.2,9921385,SONY
2020-02-21,66.42,67.37,65.75,65.94,5811977,SONY
2020-02-14,70.13,70.85,68.46,68.83,4763899,SONY
2020-02-07,70.29,73.86,69.71,70.09,7302526,SONY
2020-01-31,71.44,72.21,69.91,70.18,4517815,SONY
2020-01-24,72.5,72.75,71.48,71.88,2961762,SONY
2020-01-17,71.39,72.95,71.08,72.48,6237142,SONY
2020-01-10,68.25,71.66,68.22,70.86,7210358,SONY
2020-01-03,67.78,69.06,67.25,68.08,2918684,SONY
2019-12-27,67.81,68.17,67.6,67.78,1734979,SONY
2019-12-20,68.2,68.47,66.92,67.9,4676124,SONY
2019-12-13,65.61,67.79,65.61,67.57,5373693,SONY
2019-12-06,63.46,65.56,62.69,65.29,6480986,SONY
2019-11-29,61.71,63.75,61.58,63.48,5622364,SONY
2019-11-22,63.01,63.01,60.96,61.2,4987703,SONY
2019-11-15,61.4,62.58,61,62.06,4362152,SONY
2019-11-08,61.8,61.85,60.15,60.41,3354113,SONY
2019-11-01,58.85,61.77,58.69,61.44,4946344,SONY
2019-10-25,59.44,59.58,58.03,58.51,3224814,SONY
2019-10-18,58.14,60.25,57.82,59.21,4038301,SONY
2019-10-11,58.1,58.91,57.03,58.14,3879699,SONY
2019-10-04,58.49,59.18,56.51,58.75,4153999,SONY
2019-09-27,58.98,60.74,58.65,58.77,5294458,SONY
2019-09-20,59.92,60.25,58.58,59.12,4369487,SONY
2019-09-13,60.5,60.63,58.92,60.36,3919846,SONY
2019-09-06,57.22,60.04,57,59.2,3773372,SONY
2019-08-30,55.53,57.6,55.137,56.91,3686419,SONY
2019-08-23,55.72,57.065,53.66,53.84,5262504,SONY
2019-08-16,56,56.64,54.135,55.73,5453090,SONY
2019-08-09,53.83,56.59,53.315,56.11,7384096,SONY
2019-08-02,54,57.41,54,54.98,11152195,SONY
2019-07-26,54.02,55.21,53.68,54.8,5824321,SONY
2019-07-19,56,56.05,53.41,53.66,4641818,SONY
2019-07-12,54.9,55.99,53.9044,55.77,7399510,SONY
2019-07-05,53.56,55.11,52.98,55.03,5547899,SONY
2019-06-28,53.54,53.73,52.01,52.39,6393488,SONY
2019-06-21,51.74,54.115,51.74,53.24,10688208,SONY
2019-06-14,49.66,51.56,49,51.33,9290467,SONY
2019-06-07,48.01,49.1,47.29,48.86,4934341,SONY
2019-05-31,49.71,49.73,47.71,48,3447399,SONY
2019-05-24,52.54,52.88,48.13,48.98,7307720,SONY
2019-05-17,48.5,53.61,47.87,52.61,13419528,SONY
2019-05-10,51.15,51.495,48.1,49.7,10810727,SONY
2019-05-03,49.99,52.47,49.71,52.25,8925003,SONY
2019-04-26,47.61,50.92,46.39,50.24,11166146,SONY
2019-04-18,47.03,48.28,46.93,47.86,6196683,SONY
2019-04-12,43,47.15,42.96,46.99,15778977,SONY
2019-04-05,42.68,43.29,42.0346,43.07,6927468,SONY
2019-03-29,42.1,43.27,41.91,42.24,5856113,SONY
2019-03-22,46.25,46.33,42.02,42.03,9565496,SONY
2019-03-15,45.3,46.84,45.16,46.25,5392648,SONY
2019-03-08,47.78,47.9,45.19,45.95,4988999,SONY
2019-03-01,48.55,48.7407,47.685,47.89,4939408,SONY
2019-02-22,46.22,48.15,46.12,47.89,7294380,SONY
2019-02-15,44.51,46.05,44.03,45.79,6844897,SONY
2019-02-08,45.89,46.42,42.43,44.29,11536781,SONY
2019-02-01,48.52,50.54,45.12,46.15,10886445,SONY
2019-01-25,49.04,49.145,47.98,48.76,3374379,SONY
2019-01-18,48.7,50.36,48.3,50.18,4200638,SONY
2019-01-11,49.46,50.31,48.5,48.98,4024071,SONY
2019-01-04,48.73,49.55,46.89,49.21,4442365,SONY
2022-04-29,19.8,20.005,19.8,20.005,48,SQNNY
2022-04-22,21,21,19.8,19.8,300,SQNNY
2022-04-14,23.25,23.25,21,21,436,SQNNY
2022-04-08,23.25,23.25,23.25,23.25,153,SQNNY
2022-04-01,22.8,23.25,22.505,23.25,20266,SQNNY
2022-03-25,23.66,23.66,22.8,22.8,345,SQNNY
2022-03-18,23.775,23.775,23,23.66,795,SQNNY
2022-03-11,23.2,23.915,23.2,23.915,1560,SQNNY
2022-03-04,24.11,24.875,24.11,24.45,3534,SQNNY
2022-02-25,23.45,23.94,23.115,23.94,759,SQNNY
2022-02-18,24.88,24.88,23.8,23.8,399,SQNNY
2022-02-11,25.37,25.37,24.88,24.88,1102,SQNNY
2022-02-04,24.78,26.02,24.15,25.9,5600,SQNNY
2022-01-28,24.9,25.02,23.81,23.81,8177,SQNNY
2022-01-21,23.5,25.06,23.5,24.1,5782,SQNNY
2022-01-14,27.93,27.93,23.475,23.475,1218,SQNNY
2022-01-07,26.4,27.93,26.4,27.93,409,SQNNY
2021-12-31,27.22,27.22,27.22,27.22,427,SQNNY
2021-12-23,25.14,25.14,25.14,25.14,102,SQNNY
2021-12-17,27.44,27.44,25.14,25.14,581,SQNNY
2021-12-10,26.64,27.44,26.64,27.44,54804,SQNNY
2021-12-03,26.64,26.64,26.64,26.64,39,SQNNY
2021-11-26,27.3,27.3,26.64,26.64,288,SQNNY
2021-11-19,27.3,27.3,27.3,27.3,166,SQNNY
2021-11-12,27.3,27.3,27.3,27.3,24,SQNNY
2021-11-05,28.13,29.01,27.3,27.3,865,SQNNY
2021-10-29,27.23,28.13,27.23,28.13,17272,SQNNY
2021-10-22,26.87,27.23,26.25,27.23,19853,SQNNY
2021-10-15,28.35,28.35,28.35,28.35,99,SQNNY
2021-10-08,28.35,28.35,28.35,28.35,4931,SQNNY
2021-10-01,28.35,28.35,28.35,28.35,69,SQNNY
2021-09-24,28.26,28.35,28.26,28.35,1664,SQNNY
2021-09-17,28.26,28.26,28.26,28.26,164,SQNNY
2021-09-10,28.26,28.26,28.26,28.26,187,SQNNY
2021-09-03,29.69,29.69,28.21,28.26,474,SQNNY
2021-08-27,29.83,29.85,29.69,29.69,508,SQNNY
2021-08-20,28.5,30.12,28.5,29.83,373,SQNNY
2021-08-13,28.95,29.15,28.49,28.5,1648,SQNNY
2021-08-06,26.05,27.8,26.05,26.85,2989,SQNNY
2021-07-30,26,27.52,26,26.05,2062,SQNNY
2021-07-23,25.15,26.495,25.15,26.495,1353,SQNNY
2021-07-16,22.5,25.15,22.5,25.15,892,SQNNY
2021-07-09,25.21,25.21,22.5,22.5,927,SQNNY
2021-07-02,24.85,25.21,24.85,25.21,638,SQNNY
2021-06-25,25,25,24.85,24.85,806,SQNNY
2021-06-18,25.51,25.51,25.51,25.51,275,SQNNY
2021-06-11,26.6,26.6,25.51,25.51,1168,SQNNY
2021-06-04,25.56,26.77,25.56,26.77,20302,SQNNY
2021-05-28,25.56,25.56,25.56,25.56,100,SQNNY
2021-05-21,28.08,28.08,25.56,25.56,376,SQNNY
2021-05-14,28.08,28.08,28.08,28.08,240,SQNNY
2021-05-07,28.08,28.08,28.08,28.08,10319,SQNNY
2021-04-30,30.14,30.14,28.08,28.08,2599,SQNNY
2021-04-23,30.15,30.29,29.48,29.48,1112,SQNNY
2021-04-16,28.56,30.8,28.56,30.29,39449,SQNNY
2021-04-09,28.471,29.52,27.05,27.05,2004,SQNNY
2021-04-01,30.33,30.33,29,29,1153,SQNNY
2021-03-26,29.27,29.27,29.27,29.27,10739,SQNNY
2021-03-19,29.27,29.27,29.27,29.27,182,SQNNY
2021-03-12,29.27,29.27,29.27,29.27,184,SQNNY
2021-03-05,31.5,31.5,28.01,29.27,986,SQNNY
2021-02-26,32.9,32.9,31.5,31.5,138,SQNNY
2021-02-19,32.9,32.9,32.9,32.9,117,SQNNY
2021-02-12,30.25,32.9,30.25,32.9,18512,SQNNY
2021-02-05,29,30.25,29,30.25,628,SQNNY
2021-01-29,28.35,29,28.35,29,2795,SQNNY
2021-01-22,31,31,28.35,28.35,284,SQNNY
2021-01-15,31,31,31,31,133,SQNNY
2021-01-08,31,31,31,31,76,SQNNY
2020-12-31,30.03,31,30.03,31,146,SQNNY
2020-12-24,30.03,30.03,30.03,30.03,27,SQNNY
2020-12-18,30.03,30.03,30.03,30.03,69,SQNNY
2020-12-11,30.03,30.03,30.03,30.03,2,SQNNY
2020-12-04,30.03,30.03,30.03,30.03,307,SQNNY
2020-11-27,26.11,26.11,26.11,26.11,196,SQNNY
2020-11-20,26.11,26.11,26.11,26.11,235,SQNNY
2020-11-13,31.835,31.835,31.835,31.835,69,SQNNY
2020-11-06,31.835,31.835,31.835,31.835,40,SQNNY
2020-10-30,31.835,31.835,31.835,31.835,48,SQNNY
2020-10-23,31.835,31.835,31.835,31.835,16,SQNNY
2020-10-16,31.835,31.835,31.835,31.835,134,SQNNY
2020-10-09,30.14,30.14,30.14,30.14,4,SQNNY
2020-10-02,30.14,30.14,30.14,30.14,6,SQNNY
2020-09-25,30.14,30.14,30.14,30.14,16,SQNNY
2020-09-18,30.14,30.14,30.14,30.14,2,SQNNY
2020-09-11,30.14,30.14,30.14,30.14,10,SQNNY
2020-09-04,30.14,30.14,30.14,30.14,89,SQNNY
2020-08-28,30.14,30.14,30.14,30.14,40,SQNNY
2020-08-21,30.14,30.14,30.14,30.14,228,SQNNY
2020-08-14,32.38,32.38,30.14,30.14,1352,SQNNY
2020-08-07,25.8,32.58,25.8,32.38,2035,SQNNY
2020-07-31,25.8,25.8,25.8,25.8,72,SQNNY
2020-07-24,25.8,25.8,25.8,25.8,110,SQNNY
2020-07-15,25.8,25.8,25.8,25.8,50,SQNNY
2020-07-10,25.84,25.84,25.8,25.8,6400,SQNNY
2020-07-01,26.29,26.29,26.29,26.29,32,SQNNY
2020-06-26,26,26.29,26,26.29,644,SQNNY
2020-06-18,25,25,25,25,1568,SQNNY
2020-06-09,21.89,21.89,21.89,21.89,49,SQNNY
2020-06-04,21.89,21.89,21.89,21.89,68,SQNNY
2020-05-29,21.89,21.89,21.89,21.89,118,SQNNY
2020-05-22,21.89,21.89,21.89,21.89,97,SQNNY
2020-05-13,22,22,21.89,21.89,2737,SQNNY
2020-05-08,22.08,22.08,22.08,22.08,58,SQNNY
2020-05-01,21.75,22.08,21.75,22.08,213,SQNNY
2020-04-24,22.5,22.5,21.7,21.75,1136,SQNNY
2020-04-17,22.7,24,22.7,23.25,775,SQNNY
2020-04-09,24.5,24.5,22.7,22.7,230,SQNNY
2020-04-03,22.49,24.65,22.49,24.5,684,SQNNY
2020-03-27,21.5,22.56,21.5,22.49,1647,SQNNY
2020-03-20,18.54,20.05,18.54,20.05,285,SQNNY
2020-03-13,22.2,22.2,18.54,18.54,699,SQNNY
2020-03-05,21.66,22.2,21,22.2,943,SQNNY
2020-02-28,21.22,21.22,20.32,20.32,549,SQNNY
2020-02-21,23.25,23.25,22.21,22.21,318,SQNNY
2020-02-14,23.96,24.77,23.25,23.25,2140,SQNNY
2020-02-07,24.84,25.65,23.65,23.65,678,SQNNY
2020-01-31,24.84,24.84,24.84,24.84,61,SQNNY
2020-01-21,24.84,24.84,24.84,24.84,20,SQNNY
2020-01-17,25.42,25.52,24.84,24.84,887,SQNNY
2020-01-08,24.49,24.805,24.49,24.805,176,SQNNY
2019-12-30,24.49,24.49,24.49,24.49,150,SQNNY
2019-12-26,25.045,25.43,25.045,25.43,550,SQNNY
2019-12-16,25.55,25.55,25.55,25.55,100,SQNNY
2019-12-13,22.69,26.28,22.69,24.96,318,SQNNY
2019-12-04,22.69,22.69,22.69,22.69,71,SQNNY
2019-11-26,22.69,22.69,22.69,22.69,63,SQNNY
2019-11-11,22.69,22.69,22.69,22.69,100,SQNNY
2019-11-08,23.16,23.16,23.16,23.16,2,SQNNY
2019-10-30,23.16,23.16,23.16,23.16,14,SQNNY
2019-10-21,23.16,23.16,23.16,23.16,4,SQNNY
2019-10-09,23.16,23.16,23.16,23.16,50,SQNNY
2019-10-04,23.16,23.16,23.16,23.16,100,SQNNY
2019-09-30,19.78,19.78,19.78,19.78,2,SQNNY
2019-09-24,19.78,19.78,19.78,19.78,10,SQNNY
2019-09-19,19.78,19.78,19.78,19.78,292,SQNNY
2019-09-12,20.21,20.21,20.21,20.21,98,SQNNY
2019-09-03,20.21,20.21,20.21,20.21,100,SQNNY
2019-08-30,20.31,20.31,20.31,20.31,115,SQNNY
2019-08-23,20.31,20.31,20.31,20.31,100,SQNNY
2019-08-16,19.05,19.05,19.05,19.05,107,SQNNY
2019-08-09,18.35,19.05,18.28,19.05,1345,SQNNY
2019-08-01,16.86,16.86,16.86,16.86,69,SQNNY
2019-07-25,17.08,17.08,16.86,16.86,222,SQNNY
2019-07-18,17.08,17.08,17.08,17.08,25,SQNNY
2019-07-12,17.08,17.08,17.08,17.08,422,SQNNY
2019-06-27,15.43,15.43,15.43,15.43,50,SQNNY
2019-06-24,15.43,15.43,15.43,15.43,200,SQNNY
2019-06-20,16.29,16.29,15.04,15.23,565,SQNNY
2019-06-14,17.75,18.18,16.29,16.29,1779,SQNNY
2019-06-06,18.63,18.63,18.34,18.34,4103,SQNNY
2019-05-24,16.34,16.34,15.72,15.72,357,SQNNY
2019-05-15,16.06,16.1,16.05,16.05,928,SQNNY
2019-05-10,17.25,17.25,16.6,16.6,1024,SQNNY
2019-05-02,17.25,17.25,17.25,17.25,110,SQNNY
2019-04-25,16.7,16.7,16.7,16.7,25,SQNNY
2019-04-22,16.7,16.7,16.7,16.7,400,SQNNY
2019-04-17,15.66,16.74,15.66,16.58,4468,SQNNY
2019-04-11,18.16,18.16,18.16,18.16,30,SQNNY
2019-04-05,18.16,18.16,18.16,18.16,150,SQNNY
2019-03-26,18.16,18.16,18.16,18.16,8,SQNNY
2019-03-22,18.16,18.16,18.16,18.16,109,SQNNY
2019-03-19,14.7,14.7,14.7,14.7,16,SQNNY
2019-03-15,14.7,14.7,14.7,14.7,2,SQNNY
2019-03-04,14.7,14.7,14.7,14.7,25,SQNNY
2019-02-28,14.7,14.7,14.7,14.7,47,SQNNY
2019-02-21,14.7,14.7,14.7,14.7,4053,SQNNY
2019-02-15,14.38,14.82,14.38,14.82,150,SQNNY
2019-02-08,16.6,16.6,14.38,14.38,1005,SQNNY
2019-02-01,16.28,16.83,16.28,16.6,2072,SQNNY
2019-01-25,15.81,15.81,15.81,15.81,269,SQNNY
2019-01-18,14.685,16.04,14.685,15.895,2141,SQNNY
2019-01-02,13.74,13.74,12.61,12.61,302,SQNNY
2022-04-29,41.33,48.24,41.19,47.07,22253672,TCEHY
2022-04-22,46.28,46.69,42.36,42.66,18035759,TCEHY
2022-04-14,47.55,48.225,46.12,46.85,13079140,TCEHY
2022-04-08,49.67,50.5,46.5,46.73,17720325,TCEHY
2022-04-01,46.55,50.4,46.3,49.14,18471006,TCEHY
2022-03-25,48.32,50.99,45.01,45.68,29380308,TCEHY
2022-03-18,41.4,52.95,37.92,51.7,46894249,TCEHY
2022-03-11,50.4,50.75,44.6,44.76,22126917,TCEHY
2022-03-04,53.81,55,50.08,50.39,17277507,TCEHY
2022-02-25,57.05,57.63,53.39,54.49,13226362,TCEHY
2022-02-18,60.15,61.73,58.83,59.1,20942747,TCEHY
2022-02-11,60.83,63,59.9,60.2,27304051,TCEHY
2022-02-04,60.37,62.775,60.3,61.85,29911483,TCEHY
2022-01-28,58.65,61.25,57.51,59.1,31375180,TCEHY
2022-01-21,57.18,62,56.62,59.66,24763922,TCEHY
2022-01-14,57.75,62.94,57.01,60.67,27882307,TCEHY
2022-01-07,58.11,58.48,54.72,57.15,24395686,TCEHY
2021-12-31,59.66,60.23,56.4,58.3,16660210,TCEHY
2021-12-23,55,60.79,54.38,60.26,20034337,TCEHY
2021-12-17,59.61,59.61,55.21,56.24,24226357,TCEHY
2021-12-10,56.79,61.09,56.21,59.44,19614755,TCEHY
2021-12-03,58.87,60.87,56.23,56.76,30272630,TCEHY
2021-11-26,62.6,63,58.33,59.31,23380168,TCEHY
2021-11-19,63,65.05,61.7501,63.2,27618746,TCEHY
2021-11-12,59.31,62.95,59.11,62.7,41977781,TCEHY
2021-11-05,60.2,62.3,58.06,58.59,59143160,TCEHY
2021-10-29,64.85,65.155,60.33,60.79,25228871,TCEHY
2021-10-22,63.63,66.04,63.06,64.59,25363294,TCEHY
2021-10-15,63.46,64.28,61.0201,63.99,25361541,TCEHY
2021-10-08,58.48,63.43,56.89,63.19,33036559,TCEHY
2021-10-01,59.36,60.48,58.12,58.82,24752725,TCEHY
2021-09-24,57.5,60.05,56.06,58.27,24328353,TCEHY
2021-09-17,61.5,61.77,57,58.9,29541208,TCEHY
2021-09-10,65.75,67.67,61.7,62.37,29722499,TCEHY
2021-09-03,57.5,64.98,57,63.11,34573114,TCEHY
2021-08-27,56.21,62.65,56.15,58.96,45104349,TCEHY
2021-08-20,57.75,58.24,53.47,56.06,51568169,TCEHY
2021-08-13,59.05,62.9,59.05,60.23,24836862,TCEHY
2021-08-06,61.15,61.85,56.5,57.71,36221230,TCEHY
2021-07-30,62.31,63.9,55.77,61.2,78239612,TCEHY
2021-07-23,70.25,70.37,66.21,66.89,16088046,TCEHY
2021-07-16,68.93,73.29,68.12,71.47,18414360,TCEHY
2021-07-09,72.28,72.28,67.3,70.77,16635438,TCEHY
2021-07-02,76.67,77.22,73.9,74.19,8682520,TCEHY
2021-06-25,76.15,77.87,73.82,77.779,11264181,TCEHY
2021-06-18,77.18,78.49,76.06,77.38,8296433,TCEHY
2021-06-11,77.4,78.68,76.64,77.2,11280283,TCEHY
2021-06-04,80.81,81.35,78.05,79.55,6749968,TCEHY
2021-05-28,75.4,79.78,75.0818,78.38,9127746,TCEHY
2021-05-21,77.59,79.55,74.41,74.6,14618873,TCEHY
2021-05-14,76.45,76.82,73.23,76.57,13581090,TCEHY
2021-05-07,80.15,81.05,77.75,78.18,8027426,TCEHY
2021-04-30,80.57,81.57,79.27,79.66,9422334,TCEHY
2021-04-23,80.29,82.28,78.08,81.8,10217423,TCEHY
2021-04-16,79,81.5585,78.51,81,11754116,TCEHY
2021-04-09,84.6,84.98,76.44,79.42,31701762,TCEHY
2021-04-01,79.19,84.45,78.03,83.84,10967373,TCEHY
2021-03-26,81.9,82.85,76.6,80.98,20368448,TCEHY
2021-03-19,80.93,82.96,79.55,82.64,11263242,TCEHY
2021-03-12,83.479,89.5,81.51,82.57,15107466,TCEHY
2021-03-05,89.87,92.75,84.5,87.25,18256814,TCEHY
2021-02-26,92.5,92.5,85.6,86.77,14753888,TCEHY
2021-02-19,96.61,97.8,71.89,95.5,8528703,TCEHY
2021-02-12,95.5865,99.4,94.46,99.1,10402052,TCEHY
2021-02-05,91.66,95.8,91.66,95.4,10820259,TCEHY
2021-01-29,97.91,98.19,87.75,89.31,16482528,TCEHY
2021-01-22,84.55,90.85,84.5,90.35,16404717,TCEHY
2021-01-15,75.61,83.04,75.5,82.25,15166118,TCEHY
2021-01-08,73.88,77.95,71.79,76.94,27345108,TCEHY
2020-12-31,68.15,72.72,67.13,71.89,17046410,TCEHY
2020-12-24,73.3,74.38,68.88,69.75,12112310,TCEHY
2020-12-18,74.28,75.53,72.4,75.31,7659640,TCEHY
2020-12-11,75.23,75.97,74.1,75.14,8652289,TCEHY
2020-12-04,73.02,76.93,72.65,75.73,10465717,TCEHY
2020-11-27,76.06,76.29,74.08,75.95,7107334,TCEHY
2020-11-20,76.7,76.86,74.05,76.4,13652040,TCEHY
2020-11-13,80.83,80.83,71.26,76.46,30794964,TCEHY
2020-11-06,78.38,81.35,74.19,79.76,26400418,TCEHY
2020-10-30,72.44,78.85,71.77,76.34,17578416,TCEHY
2020-10-23,72.88,73.38,71.52,73.03,9330041,TCEHY
2020-10-16,71.73,74.24,70.62,72.72,14939935,TCEHY
2020-10-09,67.52,70.98,67.52,70.94,13286021,TCEHY
2020-10-02,65.86,68.69,65.02,67.23,11706040,TCEHY
2020-09-25,65.34,66.85,64.32,65.31,13902148,TCEHY
2020-09-18,68.15,69.19,66.58,67.02,12781350,TCEHY
2020-09-11,64.6,66.64,64.4,66.19,11462092,TCEHY
2020-09-04,68.64,70.7,65.29,67.05,18329236,TCEHY
2020-08-28,70.96,72.41,69.58,70.32,15416231,TCEHY
2020-08-21,65.55,69.95,64.75,69.55,11142916,TCEHY
2020-08-14,64.73,68.08,64.11,64.87,23212434,TCEHY
2020-08-07,69.51,72.95,66.85,67.22,18454044,TCEHY
2020-07-31,67.73,70.5,67.57,68.49,14007893,TCEHY
2020-07-24,67.5,72.73,67.28,68.82,17234449,TCEHY
2020-07-17,70.31,70.58,66.53,67.56,15064491,TCEHY
2020-07-10,67.19,72.9,66.13,70.4,20162463,TCEHY
2020-07-02,62.56,67.14,62.44,66.69,13180643,TCEHY
2020-06-26,61.46,64.5,61.08,62.2,19491946,TCEHY
2020-06-19,55.8,59.62,55.8,58.95,13007249,TCEHY
2020-06-12,55.69,58.22,55.15,56.75,14259141,TCEHY
2020-06-05,54.82,56.54,54.68,56,17313951,TCEHY
2020-05-29,55.01,55.05,52.25,54.32,19879945,TCEHY
2020-05-22,55.11,57.4,52.4,52.68,25879018,TCEHY
2020-05-15,55.5,58.66,53.6,54.01,28942784,TCEHY
2020-05-08,51.1,54.65,50.9,54.57,15638323,TCEHY
2020-05-01,53.32,54.2,50.91,51.05,15574887,TCEHY
2020-04-24,52.55,53.4,51.01,52.85,11608779,TCEHY
2020-04-17,49.86,53.33,49,52.35,19141916,TCEHY
2020-04-09,49.48,50.65,49.03,49.47,13535922,TCEHY
2020-04-03,49,49.65,46.98,47.81,16612786,TCEHY
2020-03-27,46.07,51.2,45.1,48.55,36954867,TCEHY
2020-03-20,41.25,46.74,40.8,45.25,42887349,TCEHY
2020-03-13,47.99,49.9,43.5,46.24,38323393,TCEHY
2020-03-06,49.65,51.95,49.34,50.09,27235344,TCEHY
2020-02-28,48.72,51.56,48.16,49.65,34403395,TCEHY
2020-02-21,52.48,53.34,51.21,51.47,13881719,TCEHY
2020-02-14,51.06,53.75,51,53.3,19780222,TCEHY
2020-02-07,48.76,51.61,48.65,51.05,22810287,TCEHY
2020-01-31,46.38,49.56,46.26,47.91,33590667,TCEHY
2020-01-24,49.71,50.21,48.7,48.93,20001482,TCEHY
2020-01-17,51.99,52.51,51.07,51.6,15579202,TCEHY
2020-01-10,48.33,51.67,48.3,51.43,20551483,TCEHY
2020-01-03,49.02,49.89,47.69,49.03,11524846,TCEHY
2019-12-27,48.39,49.36,48.2,49.24,5961974,TCEHY
2019-12-20,46.15,48.57,46.15,48.15,21639403,TCEHY
2019-12-13,42.73,47,42.52,45.84,21200431,TCEHY
2019-12-06,42.31,42.97,41.21,42.74,14773496,TCEHY
2019-11-29,43.21,43.69,42.08,42.15,10488501,TCEHY
2019-11-22,42.45,42.95,41.83,42.6,14803397,TCEHY
2019-11-15,41.4,42.29,40.28,40.96,19359257,TCEHY
2019-11-08,41.99,42.81,41.6,41.79,14772167,TCEHY
2019-11-01,41.19,41.27,40.04,41.09,17495531,TCEHY
2019-10-25,41.41,41.75,40.16,40.62,18985131,TCEHY
2019-10-18,41.58,42.23,41.44,41.65,17301320,TCEHY
2019-10-11,41.21,41.83,40.4,41.66,18856438,TCEHY
2019-10-04,41.9,42.03,40.67,41.42,14402212,TCEHY
2019-09-27,42.58,42.99,40.57,40.89,15713485,TCEHY
2019-09-20,44.15,44.33,42.56,42.77,15148382,TCEHY
2019-09-13,43.54,44.93,43.24,44.59,16720493,TCEHY
2019-09-06,41.78,44,41.74,43.78,15983243,TCEHY
2019-08-30,41.62,41.85,40.35,41.27,17262346,TCEHY
2019-08-23,43.33,43.35,41.11,41.36,17707614,TCEHY
2019-08-16,42.79,44.15,41.22,41.885,27771810,TCEHY
2019-08-09,42.6,43.92,41.93,42.99,23480956,TCEHY
2019-08-02,47.62,47.75,44.75,44.89,16903651,TCEHY
2019-07-26,45.85,47.61,45.48,47.36,12266910,TCEHY
2019-07-19,45.98,46.46,45.33,45.73,10837419,TCEHY
2019-07-12,45.01,46.17,44.51,45.42,10779321,TCEHY
2019-07-05,46.63,47.39,45.42,45.65,7634172,TCEHY
2019-06-28,45.6,45.6,43.8,45.26,12119465,TCEHY
2019-06-21,42.18,45.72,41.86,45.43,16275579,TCEHY
2019-06-14,43.94,44.33,41.63,41.77,14894959,TCEHY
2019-06-07,42.76,43.1,41.51,42.81,17745502,TCEHY
2019-05-31,41.79,41.9,40.9,41.76,11851060,TCEHY
2019-05-24,43.05,43.58,40.85,40.86,24119010,TCEHY
2019-05-17,46.66,47.3,44.64,44.78,28764894,TCEHY
2019-05-10,47.47,49.45,46.72,48.46,27243155,TCEHY
2019-05-03,49.81,50.07,48.91,49.76,9571993,TCEHY
2019-04-26,49.71,50.32,48.3,49.35,12151869,TCEHY
2019-04-18,49.51,50.6,49.04,50.37,8745523,TCEHY
2019-04-12,48.35,51.24,48.11,50.19,19934840,TCEHY
2019-04-05,46.41,48.74,46.41,48.67,16300279,TCEHY
2019-03-29,44.9,46.21,44.55,45.98,14049032,TCEHY
2019-03-22,46.95,47.49,45.18,45.26,18714023,TCEHY
2019-03-15,45.18,46.05,45.05,45.96,14095770,TCEHY
2019-03-08,44.18,46.79,43.25,43.63,22712851,TCEHY
2019-03-01,44.25,44.54,40.6,42.64,17070477,TCEHY
2019-02-22,42.9,44.25,42.74,44.18,12256014,TCEHY
2019-02-15,44.93,45.21,42.7,42.87,16785957,TCEHY
2019-02-08,44.2,45.85,43.5,44.23,12901932,TCEHY
2019-02-01,43.04,44.88,42.76,44.26,20815615,TCEHY
2019-01-25,43,44.1,41.94,44.07,15645469,TCEHY
2019-01-18,41.15,44.02,40.93,43.48,21111958,TCEHY
2019-01-11,40.49,42.75,40.2,42.11,18469535,TCEHY
2019-01-04,39.95,41.08,38.17,40.62,17627980,TCEHY
2022-04-29,135.93,136.46,119.12,119.51,11706164,TTWO
2022-04-22,137.33,140.6887,131.37,136.41,10692284,TTWO
2022-04-14,140.13,143.69,136.28,137.96,5924372,TTWO
2022-04-08,152.17,157.09,140.14,141.31,8334067,TTWO
2022-04-01,154.66,159.51,151.07,151.88,6671783,TTWO
2022-03-25,150.22,154.54,148.51,154.5,6711294,TTWO
2022-03-18,153,153.2,133.54,151.37,13257363,TTWO
2022-03-11,158,162.4,152.975,153.49,8600745,TTWO
2022-03-04,163.53,165.085,155.4,158.01,9973820,TTWO
2022-02-25,157.57,166.38,153.97,165.28,6446993,TTWO
2022-02-18,171.79,171.86,158.35,158.5,8565020,TTWO
2022-02-11,175,178.5,168.91,171.48,11911307,TTWO
2022-02-04,160,175.64,158.1,175,14270222,TTWO
2022-01-28,162.86,165.185,154.26,158.74,12891246,TTWO
2022-01-21,157.36,169.08,152.79,164.76,15550571,TTWO
2022-01-14,147.5,157.67,138.1914,152.58,27241378,TTWO
2022-01-07,176.84,182.25,161.6,164.6,6651099,TTWO
2021-12-31,178.03,181.82,177.35,177.72,3214844,TTWO
2021-12-23,174.7,180.37,173.61,177.96,3677339,TTWO
2021-12-17,165.6,178.44,163.48,175.74,6421503,TTWO
2021-12-10,165.5,173.195,162.2,165.6,4598317,TTWO
2021-12-03,168.72,171.7725,159.5,165.78,6878664,TTWO
2021-11-26,170.26,171.79,162.205,169.66,4999197,TTWO
2021-11-19,185.19,185.19,170.27,170.5,8274328,TTWO
2021-11-12,187.5,189.89,181.07,187.83,4959048,TTWO
2021-11-05,181.51,195.825,179.6,187.2,8953081,TTWO
2021-10-29,180.33,187.1261,177.5,181,5159155,TTWO
2021-10-22,170.54,182.735,169.38,180.75,5318302,TTWO
2021-10-15,173.32,173.92,168.455,170.56,4721477,TTWO
2021-10-08,157.72,175.55,155.4137,173.69,8723821,TTWO
2021-10-01,146.8758,160.03,145.42,158.54,7694213,TTWO
2021-09-24,150.32,151.95,144.581,147.36,5926521,TTWO
2021-09-17,154.63,156.4,148.87,151.66,6502180,TTWO
2021-09-10,160.7,161.04,151.71,153.94,5130422,TTWO
2021-09-03,158.99,163.69,156.62,160.56,4532625,TTWO
2021-08-27,161.12,164.62,158.56,160.03,4794530,TTWO
2021-08-20,159.1507,164.87,158.45,160.96,5099638,TTWO
2021-08-13,158.28,162.66,158.225,160.35,5370190,TTWO
2021-08-06,175.67,176.82,155.4,158.3,15367697,TTWO
2021-07-30,173.7,174.2,164.63,173.42,6422503,TTWO
2021-07-23,169.94,174.09,166.61,173.29,5734516,TTWO
2021-07-16,172.37,175.25,167.06,170.52,4705877,TTWO
2021-07-09,177.4,177.84,169.18,170.37,3747287,TTWO
2021-07-02,175.26,180.97,174.97,177.3,5147531,TTWO
2021-06-25,171.85,176.1,169.44,173.82,8364173,TTWO
2021-06-18,186.5,187.9,168.68,171.28,8463190,TTWO
2021-06-11,183.3795,186.65,182.61,186.42,4806164,TTWO
2021-06-04,186.83,187.24,176.0374,184.45,5450405,TTWO
2021-05-28,184.36,188.36,183.55,185.56,4942842,TTWO
2021-05-21,166.12,188.34,165.67,184.36,12817704,TTWO
2021-05-14,169.46,171.43,161.7,166.99,5826735,TTWO
2021-05-07,175.3,176.29,164.21,170.07,5655890,TTWO
2021-04-30,175.48,177.49,173.32,175.38,4590080,TTWO
2021-04-23,178.25,179.695,174.05,176.19,5126708,TTWO
2021-04-16,182.35,185.63,177.67,178.8,4739436,TTWO
2021-04-09,180.59,186.21,178.77,184.02,5275359,TTWO
2021-04-01,173.12,180.43,172.8135,180.15,5607523,TTWO
2021-03-26,171.29,177.08,167.11,174.29,5748985,TTWO
2021-03-19,171.77,174.52,165.5,169.74,8228471,TTWO
2021-03-12,170.18,171.52,161.33,170.25,7439957,TTWO
2021-03-05,186,190.81,168.34,170.81,6790027,TTWO
2021-02-26,191.62,195.4,181.112,184.46,7647573,TTWO
2021-02-19,200.733,201,191.1,194.86,4428129,TTWO
2021-02-12,210.4765,214.91,194.72,199.86,14036246,TTWO
2021-02-05,201.79,211.4,198.945,207.49,5454815,TTWO
2021-01-29,207.77,208.71,193.75,200.45,5089591,TTWO
2021-01-22,195.85,208.72,195.25,204.66,5203274,TTWO
2021-01-15,208.48,209.13,191.81,196.28,6811073,TTWO
2021-01-08,208.67,211.44,199.04,210.43,5712807,TTWO
2020-12-31,204.79,209.26,200.55,207.79,3677344,TTWO
2020-12-24,203.96,204.44,198.28,202.5,2690015,TTWO
2020-12-18,193.38,205.84,191.76,203.39,16327959,TTWO
2020-12-11,181.38,191,180.77,190.21,7520231,TTWO
2020-12-04,176.78,184.43,175.14,180.73,6598691,TTWO
2020-11-27,170.05,177.94,166.89,176.41,3779032,TTWO
2020-11-20,161.35,172.53,159.55,170.05,6123693,TTWO
2020-11-13,169.5,169.84,152.8806,161.83,10316032,TTWO
2020-11-06,156.84,179.46,151,175.19,8905015,TTWO
2020-10-30,163.96,167.89,153.94,154.92,5335444,TTWO
2020-10-23,170.52,172,159.48,164.43,4825128,TTWO
2020-10-16,164.94,170.99,163.93,168.22,7206079,TTWO
2020-10-09,161.927,167,159.07,161.64,4420138,TTWO
2020-10-02,167.37,168.03,157.82,160.15,5427637,TTWO
2020-09-25,157.06,166.86,157.01,165.78,5157046,TTWO
2020-09-18,155.19,162.98,153.585,158.49,6349030,TTWO
2020-09-11,157.06,161.36,151.63,153.53,5937098,TTWO
2020-09-04,170.68,174.16,157.24,161.71,6148269,TTWO
2020-08-28,173.14,175.6,170.46,171.06,4959448,TTWO
2020-08-21,175.72,177.53,171.55,173.14,5125825,TTWO
2020-08-14,175.1,175.52,165.335,173.41,5947687,TTWO
2020-08-07,165.64,180.61,164.25,174.96,12250856,TTWO
2020-07-31,157.16,164.11,155.921,164.02,5280574,TTWO
2020-07-24,151.14,156.675,148.88,156.02,4939108,TTWO
2020-07-17,154.46,155.99,144.14,150.58,6297666,TTWO
2020-07-10,145,154.88,144.34,153.91,8024304,TTWO
2020-07-02,141.93,146.09,136.81,144.4,8271959,TTWO
2020-06-26,141.98,145.42,137.31,141.18,8694678,TTWO
2020-06-19,134.14,142.95,133.88,142.61,9531051,TTWO
2020-06-12,127.24,139.42,125.78,134,11299144,TTWO
2020-06-05,135.62,136.59,124.86,128.91,12776926,TTWO
2020-05-29,142.44,142.75,126.56,136.17,18090806,TTWO
2020-05-22,133.25,149.28,130.25,140.51,22573663,TTWO
2020-05-15,130,135.02,128.56,132.54,7987167,TTWO
2020-05-08,123.61,130.78,122.86,129.85,7228761,TTWO
2020-05-01,128.22,129.34,118.01,122.65,7023036,TTWO
2020-04-24,124.24,128.08,123.11,127.88,8947216,TTWO
2020-04-17,118.65,127.27,117.27,124.44,16757041,TTWO
2020-04-09,120.65,123.7,117.2,119.4,7670309,TTWO
2020-04-03,113.88,123.91,112.89,118.49,13131994,TTWO
2020-03-27,102.22,117.49,100.35,111.7,12684085,TTWO
2020-03-20,105.84,120.5,100,100.15,15908453,TTWO
2020-03-13,109.96,119.83,108.35,116.62,13300389,TTWO
2020-03-06,108.58,119.79,107.92,117.69,11685418,TTWO
2020-02-28,114.51,116.55,105.27,107.48,12773099,TTWO
2020-02-21,113.24,116.58,112.51,116.03,6406911,TTWO
2020-02-14,112.5,115.28,109.09,113.43,13495246,TTWO
2020-02-07,125.24,128.05,112.58,112.6,17896665,TTWO
2020-01-31,122.19,127.6,121.55,124.64,6325763,TTWO
2020-01-24,129.07,133.36,125.16,125.28,4666599,TTWO
2020-01-17,126.92,130.42,124.56,130.01,6411951,TTWO
2020-01-10,122.02,129.55,121.55,126.76,6193062,TTWO
2020-01-03,124.47,124.47,120.28,122.21,3044833,TTWO
2019-12-27,123.73,124.86,122,124.47,3059042,TTWO
2019-12-20,122.41,124.3,120.91,123.61,6302919,TTWO
2019-12-13,122.8,125.38,119.22,121.82,6265682,TTWO
2019-12-06,121.59,124.95,118.93,123.73,5744164,TTWO
2019-11-29,119.88,122.89,118.73,121.35,3322559,TTWO
2019-11-22,123.51,124.41,117.8,119.48,5856256,TTWO
2019-11-15,115.99,123.86,115.37,123.82,6715865,TTWO
2019-11-08,118.27,122.57,115.31,116.96,10902149,TTWO
2019-11-01,125.81,126.35,116.8,116.9,6064618,TTWO
2019-10-25,123.17,125.59,121.46,125.33,4754736,TTWO
2019-10-18,122.36,124.09,120.25,122.73,4936068,TTWO
2019-10-11,122.98,124.34,117.27,122.42,6383160,TTWO
2019-10-04,123.96,125.98,117.4,123.33,7955047,TTWO
2019-09-27,129.21,129.8,122.62,123.97,6106049,TTWO
2019-09-20,124.2,132.35,123.85,130.56,5952996,TTWO
2019-09-13,130.82,133.42,121.88,125.1,11250040,TTWO
2019-09-06,130.96,134.74,129.94,130.76,4663986,TTWO
2019-08-30,129.71,134.41,128.09,131.97,4824560,TTWO
2019-08-23,129.25,135.7,128.44,128.81,6457502,TTWO
2019-08-16,127.58,129.51,125.46,127.2,7324656,TTWO
2019-08-09,119.01,131.53,112.27,128.87,15182737,TTWO
2019-08-02,122.74,125.54,119.14,121.69,7780797,TTWO
2019-07-26,116.66,123.46,115.97,121.78,5666574,TTWO
2019-07-19,116.9,118.92,115.54,116.06,4316991,TTWO
2019-07-12,116.81,118.58,113.01,116.46,5665273,TTWO
2019-07-05,115,118.49,113.27,117.23,5009142,TTWO
2019-06-28,112.71,114.52,111.25,113.53,6705776,TTWO
2019-06-21,109.92,113.34,108.19,112.64,5951755,TTWO
2019-06-14,112.18,112.82,108.43,110.36,5559157,TTWO
2019-06-07,106.99,113.7,105.315,111.65,8273210,TTWO
2019-05-31,105.74,108.83,105.09,108.15,7320341,TTWO
2019-05-24,105.86,106.08,101.75,105.02,8228791,TTWO
2019-05-17,101.19,109.44,99.3,106.66,18216190,TTWO
2019-05-10,99.45,103.68,98.86,103.38,8746627,TTWO
2019-05-03,96.95,102.38,96.24,101.62,10120586,TTWO
2019-04-26,90.75,96.34,89.89,96.25,6306078,TTWO
2019-04-18,94.57,96.17,87.97,90.74,8581883,TTWO
2019-04-12,94.48,96.23,91.4,94.11,7000980,TTWO
2019-04-05,95.39,99.52,92.93,94.53,10121500,TTWO
2019-03-29,95.87,98.71,93.78,94.37,9096869,TTWO
2019-03-22,93.83,100.44,92.62,96.02,11126667,TTWO
2019-03-15,87.56,96.34,87.27,93.55,18376558,TTWO
2019-03-08,88.8,89.8,85.83,87.04,8895555,TTWO
2019-03-01,87.52,88.91,84.41,88.32,14172461,TTWO
2019-02-22,93.08,93.75,85.96,87.07,13617331,TTWO
2019-02-15,97.63,97.83,86.9,93.3,26023667,TTWO
2019-02-08,105.91,109,91.49,97.14,36884987,TTWO
2019-02-01,100.75,106.37,98.5,104.95,7768339,TTWO
2019-01-25,107.69,108.215,99.72,103.7,8961275,TTWO
2019-01-18,108.29,108.66,102.53,108.26,15160338,TTWO
2019-01-11,101.5,111.69,99.29,109.03,10147350,TTWO
2019-01-04,105.06,105.75,99.04,101.7,10029265,TTWO
